大类,品牌,产品名称,型号,图片文件名,最后在架快照,下架确认快照,备注
厨房电器,小米出品,米家冰箱 巨能装Pro 十字513L,midjd.fridge.bs42s,midjd.fridge.bs42s.png,2026-09-03,2026-09-28,官网已移除该型号
厨房电器,小米出品,米家智能电热水瓶 5L,xiaomi.kettle.mek01,xiaomi.kettle.mek01.png,2026-09-03,2026-09-28,官网已移除该型号
安防,小米出品,小米智能摄像机2 云台版,chuangmi.camera.039c01,chuangmi.camera.039c01.png,2026-09-03,2026-09-28,官网已移除该型号
安防,小米出品,小米智能摄像机 云台版2K,xiaomi.camera.c01a02,xiaomi.camera.c01a02.png,2026-09-03,2026-09-28,官网已移除该型号
插座开关,小米出品,小米智能开关Pro（双开）1,xiaomi.switch.2pro2,xiaomi.switch.2pro2.png,2026-09-03,2026-09-28,官网已移除该型号
插座开关,小米出品,小米智能开关Pro（三开）1,xiaomi.switch.2pro3,xiaomi.switch.2pro3.png,2026-09-03,2026-09-28,官网已移除该型号
插座开关,小米出品,小米智能开关Pro（单开）2,xiaomi.switch.2wpro1,xiaomi.switch.2wpro1.png,2026-09-03,2026-09-28,官网已移除该型号
照明,lipro,lipro护眼吸顶灯,lipro.light.26x3,lipro.light.26x3.png,2026-09-03,2026-09-28,官网已移除该型号
环境电器,小米出品,强劲风 风管机 超3匹 超一级能效,xiaomi.airc.ar08r1,xiaomi.airc.ar08r1.png,2026-09-03,2026-09-28,官网已移除该型号
环境电器,小米出品,空调 巨省电Pro 柔风版 立式大3匹 超一级能效1,xiaomi.airc.frlh00,xiaomi.airc.frlh00.png,2026-09-03,2026-09-28,官网已移除该型号
环境电器,小米出品,空调Pro 人感上出风 1.5匹 超一级能效,xiaomi.airc.h46h00,xiaomi.airc.h46h00.png,2026-09-03,2026-09-28,官网已移除该型号
环境电器,小米出品,空调 强劲风 至尊版 超1.5匹 超一级能效,xiaomi.airc.h65h00,xiaomi.airc.h65h00.png,2026-09-03,2026-09-28,官网已移除该型号
环境电器,小米出品,米家全效空气净化器 Ultra 增强版2,xiaomi.airp.ua3,xiaomi.airp.ua3.png,2026-09-03,2026-09-28,官网已移除该型号
运动健康,小米出品,Xiaomi Watch S4 Sport,mijia.watch.n62s,mijia.watch.n62s.png,2026-09-03,2026-09-28,官网已移除该型号
