大类,品牌,产品名称,型号,图片文件名
卫浴,AUPU奥普,AUPU奥普浴霸Q360A3,aupu.bhf_light.qa32,aupu.bhf_light.qa32.png
卫浴,AUPU奥普,AUPU奥普浴霸Q360A3-Evo,aupu.bhf_light.a3e2,aupu.bhf_light.a3e2.png
卫浴,AUPU奥普,AUPU奥普浴霸S01M,aupu.bhf_light.s01m2,aupu.bhf_light.s01m2.png
卫浴,AUPU奥普,AUPU奥普浴霸S01MD,aupu.bhf_light.s01md2,aupu.bhf_light.s01md2.png
卫浴,AUPU奥普,AUPU奥普浴霸S10M,aupu.bhf_light.s10m2,aupu.bhf_light.s10m2.png
卫浴,AUPU奥普,AUPU奥普浴霸S11M,aupu.bhf_light.s11m2,aupu.bhf_light.s11m2.png
卫浴,AUPU奥普,AUPU奥普浴霸S368M,aupu.bhf_light.s368m3,aupu.bhf_light.s368m3.png
卫浴,AUPU奥普,AUPU奥普浴霸S608M,aupu.bhf_light.s608m2,aupu.bhf_light.s608m2.png
卫浴,AUPU奥普,AUPU奥普浴霸S618M,aupu.bhf_light.s618m2,aupu.bhf_light.s618m2.png
卫浴,AUPU奥普,AUPU奥普浴霸S628M,aupu.bhf_light.s628m2,aupu.bhf_light.s628m2.png
卫浴,AUPU奥普,AUPU奥普线性浴霸L1B,aupu.bhf_light.l1b2,aupu.bhf_light.l1b2.png
卫浴,AUPU奥普,AUPU奥普线性浴霸L1BS,aupu.bhf_light.l1bs2,aupu.bhf_light.l1bs2.png
卫浴,AUPU奥普,奥普Smart浴霸S2,aupu.bhf_light.s2,aupu.bhf_light.s2.png
卫浴,AUPU奥普,奥普Smart浴霸S2-Air,aupu.bhf_light.s2air,aupu.bhf_light.s2air.png
卫浴,AUPU奥普,奥普Smart系列人感浴霸JQS-Air,aupu.bhf_light.jqsair,aupu.bhf_light.jqsair.png
卫浴,AUPU奥普,奥普奥芯双氧线性浴霸 FY-Pro+,aupu.bhf_light.fypro,aupu.bhf_light.fypro.png
卫浴,AUPU奥普,奥普奥芯恒温线性浴霸 FY,aupu.bhf_light.fy,aupu.bhf_light.fy.png
卫浴,AUPU奥普,奥普浴霸-奥芯,aupu.bhf_light.p3328e,aupu.bhf_light.p3328e.png
卫浴,AUPU奥普,奥普浴霸DL05A,aupu.bhf_light.dl05a,aupu.bhf_light.dl05a.png
卫浴,AUPU奥普,奥普浴霸DL06A,aupu.bhf_light.dl06a,aupu.bhf_light.dl06a.png
卫浴,AUPU奥普,奥普浴霸E371M,aupu.bhf_light.e371,aupu.bhf_light.e371.png
卫浴,AUPU奥普,奥普浴霸E371M-Y,aupu.bhf_light.e371my,aupu.bhf_light.e371my.png
卫浴,AUPU奥普,奥普浴霸E372M,aupu.bhf_light.e372,aupu.bhf_light.e372.png
卫浴,AUPU奥普,奥普浴霸E372M-Y,aupu.bhf_light.e372my,aupu.bhf_light.e372my.png
卫浴,AUPU奥普,奥普浴霸F1-Pro,aupu.bhf_light.f1pro1,aupu.bhf_light.f1pro1.png
卫浴,AUPU奥普,奥普浴霸FX-Pro,aupu.bhf_light.fxpro,aupu.bhf_light.fxpro.png
卫浴,AUPU奥普,奥普浴霸G1,aupu.bhf_light.t01m,aupu.bhf_light.t01m.png
卫浴,AUPU奥普,奥普浴霸G1-Air,aupu.bhf_light.t01md,aupu.bhf_light.t01md.png
卫浴,AUPU奥普,奥普浴霸G10,aupu.bhf_light.g10,aupu.bhf_light.g10.png
卫浴,AUPU奥普,奥普浴霸HA01MD,aupu.bhf_light.ha01md,aupu.bhf_light.ha01md.png
卫浴,AUPU奥普,奥普浴霸L1B,aupu.bhf_light.l1b,aupu.bhf_light.l1b.png
卫浴,AUPU奥普,奥普浴霸L1BS,aupu.bhf_light.l1bs,aupu.bhf_light.l1bs.png
卫浴,AUPU奥普,奥普浴霸N80S,aupu.bhf_light.n80ss,aupu.bhf_light.n80ss.png
卫浴,AUPU奥普,奥普浴霸NA01-Pro,aupu.bhf_light.na01dp,aupu.bhf_light.na01dp.png
卫浴,AUPU奥普,奥普浴霸Q360A3,aupu.bhf_light.q360a3,aupu.bhf_light.q360a3.png
卫浴,AUPU奥普,奥普浴霸Q360A3-Air,aupu.bhf_light.a3pro2,aupu.bhf_light.a3pro2.png
卫浴,AUPU奥普,奥普浴霸Q360A3-Evo,aupu.bhf_light.qa3evo,aupu.bhf_light.qa3evo.png
卫浴,AUPU奥普,奥普浴霸Q360A3-Pro,aupu.bhf_light.qa3pro,aupu.bhf_light.qa3pro.png
卫浴,AUPU奥普,奥普浴霸Q360A3S,aupu.bhf_light.qa3s,aupu.bhf_light.qa3s.png
卫浴,AUPU奥普,奥普浴霸Q360A3S-Pro,aupu.bhf_light.a3spro,aupu.bhf_light.a3spro.png
卫浴,AUPU奥普,奥普浴霸Q360C,aupu.bhf_light.q360c,aupu.bhf_light.q360c.png
卫浴,AUPU奥普,奥普浴霸Q360C-Pro,aupu.bhf_light.360pro,aupu.bhf_light.360pro.png
卫浴,AUPU奥普,奥普浴霸Q360G3,aupu.bhf_light.q360g3,aupu.bhf_light.q360g3.png
卫浴,AUPU奥普,奥普浴霸Q360T3S,aupu.bhf_light.360t3s,aupu.bhf_light.360t3s.png
卫浴,AUPU奥普,奥普浴霸Q360T3S-Air,aupu.bhf_light.t3sp2,aupu.bhf_light.t3sp2.png
卫浴,AUPU奥普,奥普浴霸Q360T3S-Pro,aupu.bhf_light.t3spro,aupu.bhf_light.t3spro.png
卫浴,AUPU奥普,奥普浴霸Q360X3,aupu.bhf_light.360x3,aupu.bhf_light.360x3.png
卫浴,AUPU奥普,奥普浴霸Q360X3-Air,aupu.bhf_light.x3pro2,aupu.bhf_light.x3pro2.png
卫浴,AUPU奥普,奥普浴霸Q360X3-Pro,aupu.bhf_light.x3pro,aupu.bhf_light.x3pro.png
卫浴,AUPU奥普,奥普浴霸S01M,aupu.bhf_light.s01m,aupu.bhf_light.s01m.png
卫浴,AUPU奥普,奥普浴霸S01MD,aupu.bhf_light.s01md,aupu.bhf_light.s01md.png
卫浴,AUPU奥普,奥普浴霸S10M,aupu.bhf_light.s10m,aupu.bhf_light.s10m.png
卫浴,AUPU奥普,奥普浴霸S118M,aupu.bhf_light.s118m1,aupu.bhf_light.s118m1.png
卫浴,AUPU奥普,奥普浴霸S11M,aupu.bhf_light.s11m,aupu.bhf_light.s11m.png
卫浴,AUPU奥普,奥普浴霸S368M1,aupu.bhf_light.s368m2,aupu.bhf_light.s368m2.png
卫浴,AUPU奥普,奥普浴霸S608M,aupu.bhf_light.s608m,aupu.bhf_light.s608m.png
卫浴,AUPU奥普,奥普浴霸S618M,aupu.bhf_light.s618m1,aupu.bhf_light.s618m1.png
卫浴,AUPU奥普,奥普浴霸S628M,aupu.bhf_light.s628m,aupu.bhf_light.s628m.png
卫浴,AUPU奥普,奥普热浪系列恒温浴霸SE2,aupu.bhf_light.se2,aupu.bhf_light.se2.png
卫浴,AUPU奥普,奥普热能环系列人感浴霸Q360A3S-S,aupu.bhf_light.a3ss,aupu.bhf_light.a3ss.png
卫浴,AUPU奥普,奥普热能环系列水氧浴霸Q360A3S-Pro+,aupu.bhf_light.a3sp2,aupu.bhf_light.a3sp2.png
卫浴,AUPU奥普,奥普空气管家Q360A-Pro,aupu.bhf_light.360ap,aupu.bhf_light.360ap.png
卫浴,AUPU奥普,奥普空气管家浴霸-N80Pro,aupu.bhf_light.n80,aupu.bhf_light.n80.png
卫浴,AUPU奥普,奥普空气管家浴霸Q360S-Pro,aupu.bhf_light.q360sp,aupu.bhf_light.q360sp.png
卫浴,AUPU奥普,奥普空气管家浴霸Q360X-Pro,aupu.bhf_light.360xp,aupu.bhf_light.360xp.png
卫浴,AUPU奥普,奥普线性浴霸 L2A-Air,aupu.bhf_light.l2air,aupu.bhf_light.l2air.png
卫浴,AUPU奥普,奥普线性浴霸 L3B,aupu.bhf_light.l3b,aupu.bhf_light.l3b.png
卫浴,AUPU奥普,奥普线性浴霸 L3B-S,aupu.bhf_light.l3bs,aupu.bhf_light.l3bs.png
卫浴,AUPU奥普,奥普线性浴霸GL19-Pro+,aupu.bhf_light.gl19p,aupu.bhf_light.gl19p.png
卫浴,AUPU奥普,奥普线性浴霸GL21-Pro+,aupu.bhf_light.gl21p,aupu.bhf_light.gl21p.png
卫浴,AUPU奥普,奥普线性浴霸L3B-Pro+,aupu.bhf_light.l3bpro,aupu.bhf_light.l3bpro.png
卫浴,AUPU奥普,奥普美容舱浴霸MR005,aupu.bhf_light.mr005,aupu.bhf_light.mr005.png
卫浴,AUPU奥普,奥普美容舱浴霸MR009M,aupu.bhf_light.mr009,aupu.bhf_light.mr009.png
卫浴,AXENT,AXENT和煦电热毛巾架,axent.tow_w.a804,axent.tow_w.a804.png
卫浴,DELIXI electric,德力西智能浴霸,dlx.bhf_light.dlxyb,dlx.bhf_light.dlxyb.png
卫浴,DS,DS顶上智能浴霸,ds2023.bhf_light.ds1,ds2023.bhf_light.ds1.png
卫浴,Dinmei鼎美,鼎美智能浴霸V1,dmzz.bhf_light.dm01,dmzz.bhf_light.dm01.png
卫浴,EVANLEY,EVANLEY电热毛巾架,awl.tow_w.awl1,awl.tow_w.awl1.png
卫浴,FDJM . 风度简美,简美智能浴霸Plus,fdjm99.bhf_light.fdjm03,fdjm99.bhf_light.fdjm03.png
卫浴,FIVE,FIVE智能热毛巾机,uvfive.tow_w.berry,uvfive.tow_w.berry.png
卫浴,FSILON法狮龙,法狮龙智能浴霸FDN26-S13,fsilon.bhf_light.002,fsilon.bhf_light.002.png
卫浴,FSILON法狮龙,法狮龙智能浴霸FDN26-S18,fsilon.bhf_light.s18,fsilon.bhf_light.s18.png
卫浴,FSILON法狮龙,法狮龙智能浴霸XN-E159-1A,fsilon.bhf_light.xn1a,fsilon.bhf_light.xn1a.png
卫浴,FSILON法狮龙,法狮龙智能浴霸XN-F120-2A,fsilon.bhf_light.001,fsilon.bhf_light.001.png
卫浴,FSILON法狮龙,法狮龙智能浴霸YN-E520-1A,fsilon.bhf_light.003,fsilon.bhf_light.003.png
卫浴,FSL,FSL智能浴霸,sfl.bhf_light.fslyb,sfl.bhf_light.fslyb.png
卫浴,FUNTI,FUNTI浴霸,aobrn.bhf_light.1,aobrn.bhf_light.1.png
卫浴,FZFV,FZFV智能浴霸,jxzc.bhf_light.fzfvyb,jxzc.bhf_light.fzfvyb.png
卫浴,Haier,Haier智能浴霸HJC-1,haierj.bhf_light.hjc1,haierj.bhf_light.hjc1.png
卫浴,Haier,Haier智能浴霸SR5M,haierj.bhf_light.sr5m,haierj.bhf_light.sr5m.png
卫浴,IWN 小铃铛,IWN小铃铛六位单零火兼容浴霸开关,topwit.bhf_light.yzw08,topwit.bhf_light.yzw08.png
卫浴,IWN 小铃铛,IWN小铃铛智能浴霸开关,topwit.bhf_light.rzw76,topwit.bhf_light.rzw76.png
卫浴,IWN 小铃铛,智能浴霸开关,topwit.bhf_light.rz01,topwit.bhf_light.rz01.png
卫浴,KOEY,KOEY智能护眼浴霸,koey.bhf_light.yb0a01,koey.bhf_light.yb0a01.png
卫浴,MINGZU名族,名族智能浴霸MZ,lunsun.bhf_light.n8703,lunsun.bhf_light.n8703.png
卫浴,PTX,PTX 智能浴霸A1,090615.bhf_light.ptxyb,090615.bhf_light.ptxyb.png
卫浴,RONGSHENG容声,容声智能浴霸V1,dmzz.bhf_light.02,dmzz.bhf_light.02.png
卫浴,SINL心力,智能触屏毛巾烘干机,sinl.tow_w.s1,sinl.tow_w.s1.png
卫浴,SUPOR,SUPOR浴霸,supor8.bhf_light.spryb,supor8.bhf_light.spryb.png
卫浴,SUPOR,SUPOR风暖浴霸,supor8.bhf_light.spryb2,supor8.bhf_light.spryb2.png
卫浴,SURSCA,SURSCA舒世嘉智能浴霸,sursca.bhf_light.yb1,sursca.bhf_light.yb1.png
卫浴,TCL,TCL华照浴霸,tcll.bhf_light.yb01,tcll.bhf_light.yb01.png
卫浴,TCL,TCL智能浴霸S2Pro,tcll.bhf_light.yb03,tcll.bhf_light.yb03.png
卫浴,TCL,TCL智能浴霸风华5Pro,tcll.bhf_light.yb02,tcll.bhf_light.yb02.png
卫浴,UWIZE优智者,UWIZE优智者六位单零火兼容浴霸开关,uwize.bhf_light.yzw01,uwize.bhf_light.yzw01.png
卫浴,VINO,VINO空气能热水器200L,aden.waterheater.ash200,aden.waterheater.ash200.png
卫浴,Vancoco,Vancoco智能马桶一体机星月MAX,vanco.toilet.max1,vanco.toilet.max1.png
卫浴,YINGMI英米,英米智能马桶-M,aosi.toilet.m,aosi.toilet.m.png
卫浴,YINGMI英米,英米智能马桶盖-M68,aosi.toilet.a9999,aosi.toilet.a9999.png
卫浴,Yeelight,Yeelight 智能暖悦浴霸,yeelink.bhf_light.v3,yeelink.bhf_light.v3.png
卫浴,Yeelight,Yeelight 智能暖悦浴霸 A1,yeelink.bhf_light.v8,yeelink.bhf_light.v8.png
卫浴,Yeelight,Yeelight 智能暖悦浴霸 E20,yeelink.bhf_light.v7,yeelink.bhf_light.v7.png
卫浴,Yeelight,Yeelight 智能浴霸,yeelink.bhf_light.znyb1,yeelink.bhf_light.znyb1.png
卫浴,Yeelight,Yeelight 智能浴霸 L2,yeelink.bhf_light.v19,yeelink.bhf_light.v19.png
卫浴,Yeelight,Yeelight 智能浴霸 M1,yeelink.bhf_light.v20,yeelink.bhf_light.v20.png
卫浴,Yeelight,Yeelight 智能浴霸 M3,yeelink.bhf_light.v26,yeelink.bhf_light.v26.png
卫浴,Yeelight,Yeelight 智能浴霸 S20,yeelink.bhf_light.v17,yeelink.bhf_light.v17.png
卫浴,Yeelight,Yeelight 智能浴霸 Z10,yeelink.bhf_light.v18,yeelink.bhf_light.v18.png
卫浴,Yeelight,Yeelight 智能滑盖彩虹浴霸 L3,yeelink.bhf_light.v21,yeelink.bhf_light.v21.png
卫浴,Yeelight,Yeelight 智能滑盖浴霸 L3,yeelink.bhf_light.v22,yeelink.bhf_light.v22.png
卫浴,Yeelight,Yeelight 智能音乐滑盖彩虹浴霸 L3,yeelink.bhf_light.v23,yeelink.bhf_light.v23.png
卫浴,Yeelight,Yeelight 舒适暖浴霸,yeelink.bhf_light.v10,yeelink.bhf_light.v10.png
卫浴,Yeelight,Yeelight 舒适暖浴霸 Pro,yeelink.bhf_light.v15,yeelink.bhf_light.v15.png
卫浴,Yeelight,Yeelight智能浴霸,yeelink.bhf_light.v2,yeelink.bhf_light.v2.png
卫浴,Yeelight,Yeelight智能浴霸 Pro,yeelink.bhf_light.v1,yeelink.bhf_light.v1.png
卫浴,ZBZ,ZBZ智能马桶,dawn.toilet.02,dawn.toilet.02.png
卫浴,cobbe,cobbe智能毛巾架,wzcb.tow_w.cobbe1,wzcb.tow_w.cobbe1.png
卫浴,lipro,lipro柔风浴霸E2,lipro.bhf_light.e5u1,lipro.bhf_light.e5u1.png
卫浴,lipro,lipro柔风浴霸E2 Pro,lipro.bhf_light.e3u1,lipro.bhf_light.e3u1.png
卫浴,vatti,华帝电热水器DJ10,vatti.waterheater.dj10,vatti.waterheater.dj10.png
卫浴,vatti,华帝电热水器DJ9,vatti.waterheater.yp07i,vatti.waterheater.yp07i.png
卫浴,vatti,华帝电热水器DS9,vatti.waterheater.ds9,vatti.waterheater.ds9.png
卫浴,yongeer,YONGEER 智能毛巾架 E,kpcrkj.tow_w.sy,kpcrkj.tow_w.sy.png
卫浴,三雄,三雄智能浴霸,pak.bhf_light.pak11,pak.bhf_light.pak11.png
卫浴,三雄极光Pak,三雄极光Pak智能浴霸,pak.bhf_light.pak16,pak.bhf_light.pak16.png
卫浴,九牧,九牧智能浴霸-JD071,ijomoo.bhf_light.jd071,ijomoo.bhf_light.jd071.png
卫浴,九牧,九牧智能马桶 i90,ijomoo.toilet.i90,ijomoo.toilet.i90.png
卫浴,九牧,九牧智能马桶-ZS320T,ijomoo.toilet.zs320,ijomoo.toilet.zs320.png
卫浴,九牧,九牧电热毛巾架,ijomoo.tow_w.z300x,ijomoo.tow_w.z300x.png
卫浴,云米,coKiing AI燃气热水器 VGW1616 16L,viomi.waterheater.u36,viomi.waterheater.u36.png
卫浴,云米,coKiing AI燃气热水器 VGW1816 18L,viomi.waterheater.u37,viomi.waterheater.u37.png
卫浴,云米,云米AI健康检测马桶Air,viomi.toilet.m06,viomi.toilet.m06.png
卫浴,云米,云米AI双胆电热水器 蓝调2,yunmi.waterheater.e51,yunmi.waterheater.e51.png
卫浴,云米,云米AI恒温燃气热水器 Master,yunmi.waterheater.u74,yunmi.waterheater.u74.png
卫浴,云米,云米AI燃气热水器 Smart Pro,viomi.waterheater.u69,viomi.waterheater.u69.png
卫浴,云米,云米AI燃气热水器 Super 2,viomi.waterheater.u72,viomi.waterheater.u72.png
卫浴,云米,云米AI燃气热水器 Super 2 Pro,viomi.waterheater.u73,viomi.waterheater.u73.png
卫浴,云米,云米AI燃气热水器 Super Pro,viomi.waterheater.u70,viomi.waterheater.u70.png
卫浴,云米,云米AI燃气热水器 小蓝调,viomi.waterheater.u55,viomi.waterheater.u55.png
卫浴,云米,云米AI燃气热水器 蓝调2 Pro,yunmi.waterheater.u78,yunmi.waterheater.u78.png
卫浴,云米,云米AI燃气热水器Master 3 Pro,viomi.waterheater.u67,viomi.waterheater.u67.png
卫浴,云米,云米AI燃气热水器Smart,viomi.waterheater.u68,viomi.waterheater.u68.png
卫浴,云米,云米AI燃气热水器VGW1623 16L,viomi.waterheater.u52,viomi.waterheater.u52.png
卫浴,云米,云米AI燃气热水器VGW1823 18L,viomi.waterheater.u53,viomi.waterheater.u53.png
卫浴,云米,云米AI燃气热水器Zero2 C1,viomi.waterheater.u63,viomi.waterheater.u63.png
卫浴,云米,云米AI燃气热水器蓝调2,yunmi.waterheater.u75,yunmi.waterheater.u75.png
卫浴,云米,云米AI电热水器 Air 双胆优享版,viomi.waterheater.e44,viomi.waterheater.e44.png
卫浴,云米,云米AI电热水器 Smart E,viomi.waterheater.e49,viomi.waterheater.e49.png
卫浴,云米,云米AI电热水器 Super,viomi.waterheater.e45,viomi.waterheater.e45.png
卫浴,云米,云米AI电热水器 Super 3,viomi.waterheater.e50,viomi.waterheater.e50.png
卫浴,云米,云米AI电热水器Smart 2,viomi.waterheater.e47,viomi.waterheater.e47.png
卫浴,云米,云米AI电热水器Super 2 Pro,viomi.waterheater.e48,viomi.waterheater.e48.png
卫浴,云米,云米AI电热水器VEW5020,viomi.waterheater.e28,viomi.waterheater.e28.png
卫浴,云米,云米AI电热水器VEW6020,viomi.waterheater.e29,viomi.waterheater.e29.png
卫浴,云米,云米AI电热水器VEW6022,viomi.waterheater.e33,viomi.waterheater.e33.png
卫浴,云米,云米AI电热水器小蓝调,viomi.waterheater.e38,viomi.waterheater.e38.png
卫浴,云米,云米AI零冷水燃气热水器 Master E,yunmi.waterheater.u77,yunmi.waterheater.u77.png
卫浴,云米,云米AI零冷水燃气热水器 Super 2 Max,viomi.waterheater.u62,viomi.waterheater.u62.png
卫浴,云米,云米AI零冷水燃气热水器Super,viomi.waterheater.u57,viomi.waterheater.u57.png
卫浴,云米,云米互联网免更换镁棒电热水器 50L,viomi.waterheater.e13,viomi.waterheater.e13.png
卫浴,云米,云米互联网免更换镁棒电热水器 60L,viomi.waterheater.e14,viomi.waterheater.e14.png
卫浴,云米,云米互联网免更换镁棒电热水器 80L,viomi.waterheater.e15,viomi.waterheater.e15.png
卫浴,云米,云米互联网浴霸,viomi.bhf_light.v1,viomi.bhf_light.v1.png
卫浴,云米,云米互联网浴霸 风暖双核版,viomi.bhf_light.v6,viomi.bhf_light.v6.png
卫浴,云米,云米互联网浴霸 风暖摆风版,viomi.bhf_light.v9,viomi.bhf_light.v9.png
卫浴,云米,云米互联网浴霸A1,viomi.bhf_light.v4,viomi.bhf_light.v4.png
卫浴,云米,云米互联网浴霸Pro（风暖触控版）,viomi.bhf_light.v3,viomi.bhf_light.v3.png
卫浴,云米,云米互联网燃气热水器16L(优享版),viomi.waterheater.u6,viomi.waterheater.u6.png
卫浴,云米,云米互联网燃气热水器1A（13L）,viomi.waterheater.u1,viomi.waterheater.u1.png
卫浴,云米,云米互联网燃气热水器1C 16L,viomi.waterheater.u16,viomi.waterheater.u16.png
卫浴,云米,云米互联网燃气热水器1C（13L）,viomi.waterheater.u3,viomi.waterheater.u3.png
卫浴,云米,云米互联网燃气热水器A1 13L,viomi.waterheater.u24,viomi.waterheater.u24.png
卫浴,云米,云米互联网燃气热水器A1 16L,viomi.waterheater.u25,viomi.waterheater.u25.png
卫浴,云米,云米互联网燃气热水器C1 13L,viomi.waterheater.u22,viomi.waterheater.u22.png
卫浴,云米,云米互联网燃气热水器C1 16L,viomi.waterheater.u23,viomi.waterheater.u23.png
卫浴,云米,云米互联网燃气热水器Mate 13L,viomi.waterheater.u31,viomi.waterheater.u31.png
卫浴,云米,云米互联网燃气热水器Mate 16L,viomi.waterheater.u32,viomi.waterheater.u32.png
卫浴,云米,云米互联网燃气热水器Mate Pro 13L,viomi.waterheater.u29,viomi.waterheater.u29.png
卫浴,云米,云米互联网燃气热水器Mate Pro 16L,viomi.waterheater.u30,viomi.waterheater.u30.png
卫浴,云米,云米互联网燃气热水器S11,viomi.waterheater.u18,viomi.waterheater.u18.png
卫浴,云米,云米互联网燃气热水器S12,viomi.waterheater.u17,viomi.waterheater.u17.png
卫浴,云米,云米互联网燃气热水器VGW1314,viomi.waterheater.u40,viomi.waterheater.u40.png
卫浴,云米,云米互联网燃气热水器VGW1318 13L,viomi.waterheater.u42,viomi.waterheater.u42.png
卫浴,云米,云米互联网燃气热水器VGW1614,viomi.waterheater.u41,viomi.waterheater.u41.png
卫浴,云米,云米互联网燃气热水器VGW1615 16L,viomi.waterheater.u33,viomi.waterheater.u33.png
卫浴,云米,云米互联网燃气热水器VGW1617 16L,viomi.waterheater.u39,viomi.waterheater.u39.png
卫浴,云米,云米互联网燃气热水器VGW1618 16L,viomi.waterheater.u43,viomi.waterheater.u43.png
卫浴,云米,云米互联网燃气热水器VGW1621 16L,viomi.waterheater.u48,viomi.waterheater.u48.png
卫浴,云米,云米互联网燃气热水器VGW1622 16L,viomi.waterheater.u50,viomi.waterheater.u50.png
卫浴,云米,云米互联网燃气热水器VGW1815 18L,viomi.waterheater.u34,viomi.waterheater.u34.png
卫浴,云米,云米互联网燃气热水器VGW1817 18L,viomi.waterheater.u38,viomi.waterheater.u38.png
卫浴,云米,云米互联网燃气热水器VGW1821 18L,viomi.waterheater.u49,viomi.waterheater.u49.png
卫浴,云米,云米互联网燃气热水器VGW1822 18L,viomi.waterheater.u51,viomi.waterheater.u51.png
卫浴,云米,云米互联网燃气热水器Zero S1 (13L 零冷水),viomi.waterheater.u26,viomi.waterheater.u26.png
卫浴,云米,云米互联网燃气热水器Zero S1 (16L 零冷水),viomi.waterheater.u27,viomi.waterheater.u27.png
卫浴,云米,云米互联网燃气热水器Zero（12L零冷水）,viomi.waterheater.u15,viomi.waterheater.u15.png
卫浴,云米,云米互联网燃气热水器Zero（13L零冷水 优享版）,viomi.waterheater.u11,viomi.waterheater.u11.png
卫浴,云米,云米互联网燃气热水器Zero（13L零冷水）,viomi.waterheater.u10,viomi.waterheater.u10.png
卫浴,云米,云米互联网燃气热水器Zero（16L零冷水 优享版）,viomi.waterheater.u12,viomi.waterheater.u12.png
卫浴,云米,云米互联网燃气热水器Zero（16L零冷水）,viomi.waterheater.u7,viomi.waterheater.u7.png
卫浴,云米,云米互联网燃气热水器Zero（18L 零冷水）,viomi.waterheater.u8,viomi.waterheater.u8.png
卫浴,云米,云米互联网燃气热水器（12L优享版）（液化气）,viomi.waterheater.u19,viomi.waterheater.u19.png
卫浴,云米,云米互联网电热水器1A（60L）,viomi.waterheater.e1,viomi.waterheater.e1.png
卫浴,云米,云米互联网电热水器50L（优享版）,viomi.waterheater.e4,viomi.waterheater.e4.png
卫浴,云米,云米互联网电热水器Air（60L 双胆优享版）,viomi.waterheater.e7,viomi.waterheater.e7.png
卫浴,云米,云米互联网电热水器Air（60L双胆智享版）,viomi.waterheater.e8,viomi.waterheater.e8.png
卫浴,云米,云米互联网电热水器Air（60L双胆语音）,viomi.waterheater.e3,viomi.waterheater.e3.png
卫浴,云米,云米互联网电热水器C1（50L）,viomi.waterheater.e16,viomi.waterheater.e16.png
卫浴,云米,云米互联网电热水器C1（60L）,viomi.waterheater.e17,viomi.waterheater.e17.png
卫浴,云米,云米互联网电热水器VEW5015,viomi.waterheater.e19,viomi.waterheater.e19.png
卫浴,云米,云米互联网电热水器VEW5016,viomi.waterheater.e21,viomi.waterheater.e21.png
卫浴,云米,云米互联网电热水器VEW5018,viomi.waterheater.e24,viomi.waterheater.e24.png
卫浴,云米,云米互联网电热水器VEW5019,viomi.waterheater.e26,viomi.waterheater.e26.png
卫浴,云米,云米互联网电热水器VEW6015,viomi.waterheater.e20,viomi.waterheater.e20.png
卫浴,云米,云米互联网电热水器VEW6016,viomi.waterheater.e22,viomi.waterheater.e22.png
卫浴,云米,云米互联网电热水器VEW6018,viomi.waterheater.e25,viomi.waterheater.e25.png
卫浴,云米,云米互联网电热水器VEW6019,viomi.waterheater.e27,viomi.waterheater.e27.png
卫浴,云米,云米互联网直流变频浴霸S1,viomi.bhf_light.v8,viomi.bhf_light.v8.png
卫浴,云米,云米互联网直流变频浴霸S1 摆风版,viomi.bhf_light.v10,viomi.bhf_light.v10.png
卫浴,云米,云米冠军Pro燃气热水器16L,yunmi.waterheater.u82,yunmi.waterheater.u82.png
卫浴,云米,云米冠军燃气热水器16L,yunmi.waterheater.u81,yunmi.waterheater.u81.png
卫浴,云米,云米大师Pro燃气热水器16L,yunmi.waterheater.u83,yunmi.waterheater.u83.png
卫浴,云米,云米大师燃气热水器13L,yunmi.waterheater.u80,yunmi.waterheater.u80.png
卫浴,云米,云米智能马桶 小鲸鱼 2 Pro,viomi.toilet.m10,viomi.toilet.m10.png
卫浴,云米,云米智能马桶Nano2 Max 智联版,viomi.toilet.m05,viomi.toilet.m05.png
卫浴,云米,云米蓝调2 Pro燃气热水器静音增压16L,yunmi.waterheater.u79,yunmi.waterheater.u79.png
卫浴,云米,云米鲲鹏燃气热水器16L,yunmi.waterheater.u84,yunmi.waterheater.u84.png
卫浴,云米,蓝调智能电热水器,viomi.waterheater.e42,viomi.waterheater.e42.png
卫浴,京东京造,京东京造智能毛巾架 JZ-M10D,jdjz.tow_w.v1,jdjz.tow_w.v1.png
卫浴,今闪,今闪零冷水热水循环器,yj1226.waterheater.js01,yj1226.waterheater.js01.png
卫浴,今顶,今顶智能浴霸AI,kind8.bhf_light.002,kind8.bhf_light.002.png
卫浴,今顶,今顶智能浴霸M,kind8.bhf_light.m,kind8.bhf_light.m.png
卫浴,仪克,仪克电热毛巾架,csykj.tow_w.ykmjw,csykj.tow_w.ykmjw.png
卫浴,优家明创,智能毛巾烘干机,yooeca.tow_w.mj04,yooeca.tow_w.mj04.png
卫浴,佳尼特,佳尼特电热水器CTE-X1,smith.waterheater.x1,smith.waterheater.x1.png
卫浴,佳尼特,佳尼特电热水器CXE-60B1,smith.waterheater.cxeb1,smith.waterheater.cxeb1.png
卫浴,佳尼特,佳尼特电热水器CXE-A1,smith.waterheater.cxea1,smith.waterheater.cxea1.png
卫浴,倍增,倍增智能卫浴架,cchome.tow_w.wyj001,cchome.tow_w.wyj001.png
卫浴,公牛,公牛恒温浴霸Y29,bull.bhf_light.gy29,bull.bhf_light.gy29.png
卫浴,公牛,公牛浴霸Y72A,bull.bhf_light.yub03,bull.bhf_light.yub03.png
卫浴,公牛,公牛浴霸Y77A,bull.bhf_light.yub02,bull.bhf_light.yub02.png
卫浴,公牛,公牛浴霸Y79A,bull.bhf_light.yub01,bull.bhf_light.yub01.png
卫浴,六麦,六麦电热毛巾架,jcy.tow_w.sy01,jcy.tow_w.sy01.png
卫浴,其他品牌,Comotomo智能浴霸,babai.bhf_light.kmdm01,babai.bhf_light.kmdm01.png
卫浴,其他品牌,DL线性浴霸（WiFi）,giot.bhf_light.lbhw1,giot.bhf_light.lbhw1.png
卫浴,其他品牌,JITTGO智能马桶一体机,cozy.toilet.jittgo,cozy.toilet.jittgo.png
卫浴,其他品牌,LTP智能浴霸L1,lxzn.bhf_light.01,lxzn.bhf_light.01.png
卫浴,其他品牌,LTP智能浴霸控制Pro,lxzn.bhf_light.ben,lxzn.bhf_light.ben.png
卫浴,其他品牌,M-YF6002A智能浴霸,roome.bhf_light.yf6004,roome.bhf_light.yf6004.png
卫浴,其他品牌,M-YF6002智能浴霸,roome.bhf_light.yf6002,roome.bhf_light.yf6002.png
卫浴,其他品牌,M-YF6003智能浴霸,roome.bhf_light.yf6005,roome.bhf_light.yf6005.png
卫浴,其他品牌,NOEO智能马桶,cozy.toilet.noeo,cozy.toilet.noeo.png
卫浴,其他品牌,PIPA 智能浴霸M1,mcosu.bhf_light.pipam1,mcosu.bhf_light.pipam1.png
卫浴,其他品牌,QM智能毛巾架,qjiang.tow_w.001,qjiang.tow_w.001.png
卫浴,其他品牌,QM智能浴霸AI,qjiang.bhf_light.a1,qjiang.bhf_light.a1.png
卫浴,其他品牌,V1智能毛巾架（WiFi）,giot.tow_w.v1itrw,giot.tow_w.v1itrw.png
卫浴,其他品牌,V1智能浴霸（WiFi）,giot.bhf_light.v1ibhw,giot.bhf_light.v1ibhw.png
卫浴,其他品牌,Vancoco智能马桶一体机星月Pro,vanco.toilet.pro1,vanco.toilet.pro1.png
卫浴,其他品牌,YOPINS智能毛巾机,yopins.tow_w.mimj01,yopins.tow_w.mimj01.png
卫浴,其他品牌,万和热水器S5,wanhe.waterheater.s5,wanhe.waterheater.s5.png
卫浴,其他品牌,云奇智控智能马桶AIR版,yywq.toilet.wqzn01,yywq.toilet.wqzn01.png
卫浴,其他品牌,云马智控智能马桶Pro版,xox.toilet.ts,xox.toilet.ts.png
卫浴,其他品牌,光翼X1智能马桶,cozy.toilet.s1,cozy.toilet.s1.png
卫浴,其他品牌,卡贝电热毛巾架,fssd.tow_w.kb01,fssd.tow_w.kb01.png
卫浴,其他品牌,友邦智能浴霸DZ系列,youpon.bhf_light.yb0a01,youpon.bhf_light.yb0a01.png
卫浴,其他品牌,友邦智能浴霸X7系列,youpon.bhf_light.x7,youpon.bhf_light.x7.png
卫浴,其他品牌,四季沐歌浴霸,giot.bhf_light.sjbm,giot.bhf_light.sjbm.png
卫浴,其他品牌,大拇哥智能电热毛巾架A6,mxl.tow_w.mjj002,mxl.tow_w.mjj002.png
卫浴,其他品牌,大拇哥智能电热毛巾架A9,mxl.tow_w.mjj001,mxl.tow_w.mjj001.png
卫浴,其他品牌,天语智能浴霸,babai.bhf_light.tyhot,babai.bhf_light.tyhot.png
卫浴,其他品牌,奥享毛巾架,filos.tow_w.x,filos.tow_w.x.png
卫浴,其他品牌,奥克斯浴霸,giot.bhf_light.auxbh,giot.bhf_light.auxbh.png
卫浴,其他品牌,奥普浴霸S368M2,aupu.bhf_light.s368m,aupu.bhf_light.s368m.png
卫浴,其他品牌,宇邦智能浴霸开关,qiqi.bhf_light.qbot23,qiqi.bhf_light.qbot23.png
卫浴,其他品牌,小康智能马桶,hjk666.toilet.h1,hjk666.toilet.h1.png
卫浴,其他品牌,小松鼠壁挂炉,disen.waterheater.slm6,disen.waterheater.slm6.png
卫浴,其他品牌,小鸿智能马桶一体机,dz888.toilet.m,dz888.toilet.m.png
卫浴,其他品牌,希箭大冲力智能马桶,horow.toilet.s4,horow.toilet.s4.png
卫浴,其他品牌,希箭大冲力智能马桶S10,horow.toilet.s10,horow.toilet.s10.png
卫浴,其他品牌,情景智能浴霸,gmn.bhf_light.yb1,gmn.bhf_light.yb1.png
卫浴,其他品牌,惠达智能连体坐便器HDET65-Q Pro,huida.toilet.et65q,huida.toilet.et65q.png
卫浴,其他品牌,想的智能电热毛巾架,sharnd.tow_w.rda01,sharnd.tow_w.rda01.png
卫浴,其他品牌,智慧云浴霸,xinzhi.bhf_light.zhyb01,xinzhi.bhf_light.zhyb01.png
卫浴,其他品牌,智慧浴霸(基础版),qike.bhf_light.qk201801,qike.bhf_light.qk201801.png
卫浴,其他品牌,智能浴霸,topwit.bhf_light.htw02,topwit.bhf_light.htw02.png
卫浴,其他品牌,智能浴霸(WIFI版),ftd.bhf_light.testmd,ftd.bhf_light.testmd.png
卫浴,其他品牌,智能浴霸Pro（AI版）YB-007,mike.bhf_light.2,mike.bhf_light.2.png
卫浴,其他品牌,智能烘干毛巾架,syzn01.tow_w.sy119,syzn01.tow_w.sy119.png
卫浴,其他品牌,智能电热毛巾架,iot.tow_w.jd015,iot.tow_w.jd015.png
卫浴,其他品牌,智能线型浴霸,raile.bhf_light.sdjyby,raile.bhf_light.sdjyby.png
卫浴,其他品牌,智能马桶,dfl888.toilet.toilet,dfl888.toilet.toilet.png
卫浴,其他品牌,智能马桶一体机601,nanmg.toilet.601,nanmg.toilet.601.png
卫浴,其他品牌,智能马桶控制器,mxc.toilet.toilet,mxc.toilet.toilet.png
卫浴,其他品牌,浴霸智能遥控开关,xunzhi.bhf_light.01,xunzhi.bhf_light.01.png
卫浴,其他品牌,福联智能马桶,fojee.toilet.fjzn01,fojee.toilet.fjzn01.png
卫浴,其他品牌,箭牌智能浴霸 X1,roome.bhf_light.1036f,roome.bhf_light.1036f.png
卫浴,其他品牌,箭牌智能浴霸 X2,roome.bhf_light.1037fx,roome.bhf_light.1037fx.png
卫浴,其他品牌,箭牌浴霸,giot.bhf_light.jpbm,giot.bhf_light.jpbm.png
卫浴,其他品牌,米科智能浴霸,babai.bhf_light.mk885,babai.bhf_light.mk885.png
卫浴,其他品牌,艾芬达毛巾架GD18-A,filos.tow_w.afd06,filos.tow_w.afd06.png
卫浴,其他品牌,芬尼空气能热水器,phnix.waterheater.sf,phnix.waterheater.sf.jpg
卫浴,其他品牌,金盾顶美智能浴霸,jddm.bhf_light.yb0a01,jddm.bhf_light.yb0a01.png
卫浴,其他品牌,阳光智能浴霸,uxkeji.bhf_light.ux47,uxkeji.bhf_light.ux47.png
卫浴,凌贝,智慧电热毛巾架,fssd.tow_w.lc20a9,fssd.tow_w.lc20a9.png
卫浴,华艺,慧作天秤星浴霸Pro,huayi.bhf_light.libra,huayi.bhf_light.libra.png
卫浴,博饰,BSH智能浴霸V2(MESH),ftd.bhf_light.bthmsh,ftd.bhf_light.bthmsh.png
卫浴,卡迪欧,卡迪欧电热毛巾架（WiFi）,kadiyo.tow_w.kdomj,kadiyo.tow_w.kdomj.png
卫浴,品格,品格智尊·极暖浴霸K1Pro Ⅱ,pogor.bhf_light.k1pro2,pogor.bhf_light.k1pro2.png
卫浴,圈厨,圈厨超薄互联网电热水器50L,xckj.waterheater.int01,xckj.waterheater.int01.png
卫浴,圈厨,圈厨超薄互联网电热水器60L,xckj.waterheater.int02,xckj.waterheater.int02.png
卫浴,大白,大白AIOT毛巾架,445.tow_w.mjj1,445.tow_w.mjj1.png
卫浴,大白,大白sky I 天境智能马桶 空净IoT版,445.toilet.tjznmt,445.toilet.tjznmt.png
卫浴,大白,大白双擎增压智能马桶AIOT版,445.toilet.xmt015,445.toilet.xmt015.png
卫浴,大白,大白智能马桶,445.toilet.mt01,445.toilet.mt01.png
卫浴,大白,大白智能马桶 N8 奔腾Plus版,445.toilet.mt02,445.toilet.mt02.png
卫浴,大豪智芯,智芯浴霸1号Pro,jxdh.bhf_light.dh001,jxdh.bhf_light.dh001.png
卫浴,奥华,奥华取暖器,our.bhf_light.df001,our.bhf_light.df001.png
卫浴,奥华,奥华智能浴霸pro,our.bhf_light.pro,our.bhf_light.pro.png
卫浴,奥华,奥华智能浴霸pro+,our.bhf_light.pro2,our.bhf_light.pro2.png
卫浴,小沐,小沐智能马桶盖,tinymu.toiletlid.v1,tinymu.toiletlid.v1.png
卫浴,小沐,小沐智能马桶盖 旗舰版（V型）,tinymu.toilet.wmt15,tinymu.toilet.wmt15.png
卫浴,小沐,小沐智能马桶盖AI版,tinymu.toilet.ailid,tinymu.toilet.ailid.png
卫浴,小米出品,热水器遥控,miir.waterheater.ir01,miir.waterheater.ir01.png
卫浴,小米出品,米家智能净垢双循环燃气热水器P10 16L,xiaomi.waterheater.ymm6,xiaomi.waterheater.ymm6.png
卫浴,小米出品,米家智能双核浴霸,xiaomi.bhf_light.v2,xiaomi.bhf_light.v2.png
卫浴,小米出品,米家智能双胆电热水器60L P1,xiaomi.waterheater.ym03,xiaomi.waterheater.ym03.png
卫浴,小米出品,米家智能双胆电热水器60L S1,xiaomi.waterheater.ym05,xiaomi.waterheater.ym05.png
卫浴,小米出品,米家智能变频恒温浴霸,xiaomi.bhf_light.v1,xiaomi.bhf_light.v1.png
卫浴,小米出品,米家智能小厨宝7L S1,zimi.waterheater.h03,zimi.waterheater.h03.png
卫浴,小米出品,米家智能恒温燃气热水器16L S10,xiaomi.waterheater.ymm5,xiaomi.waterheater.ymm5.png
卫浴,小米出品,米家智能浴霸,yeelink.bhf_light.v11,yeelink.bhf_light.v11.png
卫浴,小米出品,米家智能浴霸 G10,xiaomi.bhf_light.na1a,xiaomi.bhf_light.na1a.png
卫浴,小米出品,米家智能浴霸 G20,xiaomi.bhf_light.g2,xiaomi.bhf_light.g2.png
卫浴,小米出品,米家智能浴霸N1,xiaomi.bhf_light.na1,xiaomi.bhf_light.na1.png
卫浴,小米出品,米家智能浴霸P1,xiaomi.bhf_light.na2,xiaomi.bhf_light.na2.png
卫浴,小米出品,米家智能浴霸Pro,yeelink.bhf_light.v13,yeelink.bhf_light.v13.png
卫浴,小米出品,米家智能浴霸S1,xiaomi.bhf_light.s1,xiaomi.bhf_light.s1.png
卫浴,小米出品,米家智能燃气热水器 2 恒温 1级能效 16L,xiaomi.waterheater.m11,xiaomi.waterheater.m11.png
卫浴,小米出品,米家智能燃气热水器 2 恒温零冷水 16L,xiaomi.waterheater.ymm7,xiaomi.waterheater.ymm7.png
卫浴,小米出品,米家智能燃气热水器 2 瀑布洗零冷水 18L,xiaomi.waterheater.ymm9,xiaomi.waterheater.ymm9.png
卫浴,小米出品,米家智能燃气热水器 2 静音恒温 16L,xiaomi.waterheater.m10,xiaomi.waterheater.m10.png
卫浴,小米出品,米家智能燃气热水器 2 静音零冷水 16L,xiaomi.waterheater.ymm8,xiaomi.waterheater.ymm8.png
卫浴,小米出品,米家智能燃气热水器 Pro 软水双核 16L,xiaomi.waterheater.ym20,xiaomi.waterheater.ym20.png
卫浴,小米出品,米家智能电热水器 2 双胆 60L,xiaomi.waterheater.ym12,xiaomi.waterheater.ym12.png
卫浴,小米出品,米家智能电热水器 C 60L,xiaomi.waterheater.ym13,xiaomi.waterheater.ym13.png
卫浴,小米出品,米家智能电热水器 Pro 琉钢双胆 60L,xiaomi.waterheater.ym11,xiaomi.waterheater.ym11.png
卫浴,小米出品,米家智能电热水器60L N1,xiaomi.waterheater.ym02,xiaomi.waterheater.ym02.png
卫浴,小米出品,米家智能零冷水燃气热水器16L N1,xiaomi.waterheater.m3,xiaomi.waterheater.m3.png
卫浴,小米出品,米家智能零冷水燃气热水器16L S1,zimi.waterheater.h01,zimi.waterheater.h01.png
卫浴,小米出品,米家智能零冷水燃气热水器18L S2,xiaomi.waterheater.yms2,xiaomi.waterheater.yms2.png
卫浴,小米出品,米家零冷水燃气热水器S1 18L,viomi.waterheater.m1,viomi.waterheater.m1.png
卫浴,小鲸,小鲸洗一体式智能马桶 Relax plus,xjx.toilet.relaxp,xjx.toilet.relaxp.png
卫浴,小鲸,小鲸洗一体式智能马桶Pure,xjx.toilet.pure,xjx.toilet.pure.png
卫浴,小鲸,小鲸洗一体式智能马桶Relax,xjx.toilet.relax,xjx.toilet.relax.png
卫浴,小鲸,小鲸洗智能一体式马桶坐便器ZERO,xjx.toilet.zero,xjx.toilet.zero.png
卫浴,小鲸,小鲸洗智能坐便盖Pro版,xjx.toilet.pro,xjx.toilet.pro.png
卫浴,巴洛斯顿,巴洛斯顿智能浴霸,kddq.bhf_light.1,kddq.bhf_light.1.png
卫浴,希箭,希箭大冲力智能马桶S10L,horow.toilet.s10l,horow.toilet.s10l.png
卫浴,希箭,希箭大冲力智能马桶S4,horow.toilet.s4p,horow.toilet.s4p.png
卫浴,德莱宝,德莱宝线型浴霸 极线GX1,dlb.bhf_light.gx1,dlb.bhf_light.gx1.png
卫浴,恒洁,恒洁智能马桶,hegii.toilet.he110a,hegii.toilet.he110a.png
卫浴,恩柏斯,恩柏斯毛巾架E1,xt1234.tow_w.e1,xt1234.tow_w.e1.png
卫浴,摩恩,摩恩卢米电热毛巾架三片装,fbis.tow_w.strd03,fbis.tow_w.strd03.png
卫浴,摩恩,摩恩卢米电热毛巾架两片装,fbis.tow_w.strd02,fbis.tow_w.strd02.png
卫浴,摩恩,摩恩卢米电热毛巾架单片装,fbis.tow_w.strd01,fbis.tow_w.strd01.png
卫浴,摩恩,摩恩弗里斯安心座智能坐便器,fbis.toilet.std02,fbis.toilet.std02.png
卫浴,摩恩,摩恩弗里斯安心座智能坐便器 Pro,fbis.toilet.std01,fbis.toilet.std01.png
卫浴,智悦,智能情景浴霸,gtop.bhf_light.b1,gtop.bhf_light.b1.png
卫浴,智米,智米智能马桶一体机 M1,zhimi.toilet.pa2,zhimi.toilet.pa2.png
卫浴,智米,智米智能马桶一体机2PRO,zhimi.toilet.pa6,zhimi.toilet.pa6.png
卫浴,智米,智米智能马桶一体机3PRO,zhimi.toilet.pa7,zhimi.toilet.pa7.png
卫浴,智米,智米智能马桶一体机3S（智能版）,zhimi.toilet.pa9,zhimi.toilet.pa9.png
卫浴,智米,智米智能马桶一体机3X,zhimi.toilet.pa8,zhimi.toilet.pa8.png
卫浴,智米,智米智能马桶一体机C1,zhimi.toilet.pa3,zhimi.toilet.pa3.png
卫浴,智米,智米智能马桶盖Pro,zhimi.toilet.sa1,zhimi.toilet.sa1.png
卫浴,智米,智米智能马桶盖s,zhimi.toilet.va1,zhimi.toilet.va1.png
卫浴,智米,智米智能马桶盖（香氛联动版）,zhimi.toilet.ta1,zhimi.toilet.ta1.png
卫浴,松下,松下浴霸FV-RB26DL1,pesgd.bhf_light.rb26dl,pesgd.bhf_light.rb26dl.png
卫浴,松下,松下浴霸FV-RB26UL1,pesgd.bhf_light.rb26,pesgd.bhf_light.rb26.png
卫浴,松下,松下浴霸FV-RB29DL1,pesgd.bhf_light.rb29dl,pesgd.bhf_light.rb29dl.png
卫浴,松而,松而智能马桶一体机未来蛋,nanmg.toilet.dan,nanmg.toilet.dan.png
卫浴,楚楚,楚楚线性浴霸37Z,zjcq.bhf_light.01,zjcq.bhf_light.01.png
卫浴,欧伟士,欧伟士NEX毛巾架,ows.tow_w.mjj20a,ows.tow_w.mjj20a.png
卫浴,欧伟士,欧伟士S1毛巾架,ows.tow_w.mjjs1,ows.tow_w.mjjs1.png
卫浴,欧伟士,欧伟士智能电热毛巾架,ows.towel_w.mj1x0,ows.towel_w.mj1x0.png
卫浴,欧伟士,欧伟士智能电热毛巾架XS,ows.tow_w.mjjxs,ows.tow_w.mjjxs.png
卫浴,欧伟士,欧伟士电热毛巾架NEXpro,ows.tow_w.nexpro,ows.tow_w.nexpro.png
卫浴,欧伟士,欧伟士电热毛巾架OWS-X,ows.tow_w.xp,ows.tow_w.xp.png
卫浴,欧伟士,欧伟士电热毛巾架S·Pro,ows.tow_w.s,ows.tow_w.s.png
卫浴,欧普,欧普智能浴霸  Mode K,opple.bhf_light.sdd221,opple.bhf_light.sdd221.png
卫浴,欧普,欧普智能浴霸 BPF12i,opple.bhf_light.fhbath,opple.bhf_light.fhbath.png
卫浴,欧普,欧普智能浴霸 Mode A,opple.bhf_light.acmoto,opple.bhf_light.acmoto.png
卫浴,欧普,欧普智能浴霸 Mode B,opple.bhf_light.dcmoto,opple.bhf_light.dcmoto.png
卫浴,欧普,欧普智能浴霸 Mode C,opple.bhf_light.ct88,opple.bhf_light.ct88.png
卫浴,欧普,欧普智能浴霸 Mode D,opple.bhf_light.fx88a,opple.bhf_light.fx88a.png
卫浴,欧普,欧普智能浴霸 Mode E,opple.bhf_light.mkc3,opple.bhf_light.mkc3.png
卫浴,欧普,欧普智能浴霸 Mode F,opple.bhf_light.ct88b,opple.bhf_light.ct88b.png
卫浴,欧普,欧普智能浴霸 Mode G,opple.bhf_light.wlyb,opple.bhf_light.wlyb.png
卫浴,欧普,欧普智能浴霸 Mode J,opple.bhf_light.mkcj,opple.bhf_light.mkcj.png
卫浴,欧普,欧普智能浴霸 Mode L,opple.bhf_light.xgb26,opple.bhf_light.xgb26.png
卫浴,欧素 OUSO,欧素智能电热毛巾架,ouso.tow_w.mjj01,ouso.tow_w.mjj01.png
卫浴,民洁,民洁鲸智面盆龙头,090615.wafa.f11026,090615.wafa.f11026.png
卫浴,甘石,GS智能晾衣浴霸,qjiang.bhf_light.gs001,qjiang.bhf_light.gs001.png
卫浴,科恩达,智能坐便器MAX,dawn.toilet.max808,dawn.toilet.max808.png
卫浴,科恩达,科恩达一体式智能马桶808,dawn.toilet.808,dawn.toilet.808.png
卫浴,罗格朗,罗格朗智能浴霸 HY274,lhz.bhf_light.hy274,lhz.bhf_light.hy274.png
卫浴,美尔凯特,美尔凯特AI除味智能浴霸,mell88.bhf_light.001,mell88.bhf_light.001.png
卫浴,芯毅,芯毅智能毛巾架,csykj.tow_w.xymjw,csykj.tow_w.xymjw.png
卫浴,西蒙电气,西蒙智能浴霸,scc.bhf_light.yb1,scc.bhf_light.yb1.png
卫浴,西顿,西顿多功能智能浴霸,cdn.bhf_light.zjd606,cdn.bhf_light.zjd606.png
卫浴,西顿,西顿智能浴霸,cdn.bhf_light.znyb,cdn.bhf_light.znyb.png
卫浴,贝克巴斯,贝克巴斯超级感应龙头F05PRO,becbas.wafa.f05,becbas.wafa.f05.png
卫浴,赛科拉,赛科拉智能热水循环器D1,cycle.waterheater.d1,cycle.waterheater.d1.png
卫浴,赛莱诺,赛莱诺电热毛巾架,futuo1.tow_w.s2,futuo1.tow_w.s2.png
卫浴,近远方,JYF智能电热毛巾架,jyf.tow_w.jyf01,jyf.tow_w.jyf01.png
卫浴,近远方,多功能除菌烘干机,jyf.tow_w.mj01,jyf.tow_w.mj01.png
卫浴,近远方,烘干毛巾架,jyf.tow_w.ts03,jyf.tow_w.ts03.png
卫浴,雷士,雷士AI智能滑盖浴霸,leishi.bhf_light.smart4,leishi.bhf_light.smart4.png
卫浴,雷士,雷士智能AI人感浴霸,leishi.bhf_light.yb1,leishi.bhf_light.yb1.png
卫浴,雷士,雷士智能全色域浴霸,leishi.bhf_light.lsdcyb,leishi.bhf_light.lsdcyb.png
卫浴,雷士,雷士智能感应浴霸,leishi.bhf_light.smart,leishi.bhf_light.smart.png
卫浴,雷士,雷士智能浴霸,leishi.bhf_light.yuba02,leishi.bhf_light.yuba02.png
卫浴,雷士,雷士智能浴霸C1,leishi.bhf_light.lsybc1,leishi.bhf_light.lsybc1.png
卫浴,雷士,雷士智能浴霸C2,leishi.bhf_light.lsxxyb,leishi.bhf_light.lsxxyb.png
卫浴,雷士,雷士智能浴霸N1,leishi.bhf_light.ls109,leishi.bhf_light.ls109.png
卫浴,雷士,雷士智能浴霸N2,leishi.bhf_light.lsyb02,leishi.bhf_light.lsyb02.png
卫浴,雷士,雷士智能浴霸N3,leishi.bhf_light.lsyb03,leishi.bhf_light.lsyb03.png
卫浴,雷士,雷士智能浴霸N4,leishi.bhf_light.lsyb04,leishi.bhf_light.lsyb04.png
卫浴,雷士,雷士智能浴霸V,leishi.bhf_light.ybjck,leishi.bhf_light.ybjck.png
卫浴,雷士,雷士智能浴霸V2,leishi.bhf_light.lsyb01,leishi.bhf_light.lsyb01.png
卫浴,雷士,雷士智能浴霸V3,leishi.bhf_light.tyyb,leishi.bhf_light.tyyb.png
卫浴,雷士,雷士智能浴霸pro,leishi.bhf_light.pro1,leishi.bhf_light.pro1.png
卫浴,雷士,雷士热能环智能浴霸,leishi.bhf_light.rnhyb,leishi.bhf_light.rnhyb.png
卫浴,顶善美,顶善美智能浴霸C7L,dsmile.bhf_light.001,dsmile.bhf_light.001.png
卫浴,飞利浦,飞利浦P10双电机浴霸,signfy.bhf_light.bm1gp0,signfy.bhf_light.bm1gp0.png
卫浴,飞利浦,飞利浦P16双电机浴霸,signfy.bhf_light.bm0pd0,signfy.bhf_light.bm0pd0.png
卫浴,飞利浦,飞利浦S10双电机浴霸,signfy.bhf_light.bm1gs0,signfy.bhf_light.bm1gs0.png
卫浴,驻牌,小它智能马桶,tm666.toilet.t1,tm666.toilet.t1.png
卫浴,鸿雁,iHouse智能感知横出风浴霸FZHZ33-51W,honyar.bhf_light.yb51w,honyar.bhf_light.yb51w.png
卫浴,鸿雁,iHouse智能感知横摆风浴霸FZHZ33-54W,honyar.bhf_light.yb54w,honyar.bhf_light.yb54w.png
卫浴,鸿雁,iHouse智能风暖浴霸FZ系列,honyar.bhf_light.55w,honyar.bhf_light.55w.png
卫浴,鸿雁,iHouse智能风暖浴霸F系列,honyar.bhf_light.f,honyar.bhf_light.f.png
卫浴,鹰游,鹰游智能零冷水系统,eafly.waterheater.qb001,eafly.waterheater.qb001.png
卫浴,鹰游,鹰游智能零冷水系统 17SK,eafly.waterheater.17sk,eafly.waterheater.17sk.png
