大类,品牌,产品名称,型号,图片文件名,备注
安防,Aqara,Aqara智能门锁,lumi.lock.aq1,lumi.lock.aq1.png,
安防,Aqara,Aqara智能门锁 N100,lumi.lock.bzacn2,lumi.lock.bzacn2.png,
安防,Aqara,Aqara智能门锁 N200,lumi.lock.bzacn1,lumi.lock.bzacn1.png,
安防,Aqara,Aqara智能门锁 S2,lumi.lock.acn02,lumi.lock.acn02.png,
安防,Aqara,Aqara智能门锁 S2 Pro,lumi.lock.acn03,lumi.lock.acn03.png,
安防,Aqara,全自动智能推拉锁 D100,lumi.lock.bacn01,lumi.lock.bacn01.png,
安防,Aqara,智能摄像机G2（网关版）,lumi.camera.gwagl01,lumi.camera.gwagl01.png,
安防,Aqara,智能摄像机（网关版）,lumi.camera.aq1,lumi.camera.aq1.png,
安防,Aqara,智能锁芯,lumi.lock.v1,lumi.lock.v1.png,
安防,Aqara,智能门锁 J1,lumi.lock.eicn02,lumi.lock.eicn02.png,
安防,BECK,BECK智能门锁V10 Max,beck.lock.v10,beck.lock.v10.png,
安防,CHJH,CHJH智能门锁M1,zjhdgm.lock.m2,zjhdgm.lock.m2.png,
安防,CHJH,CHJH智能门锁M2,zjhdgm.lock.m1,zjhdgm.lock.m1.png,
安防,DTIOTCAM,德泰智能摄像机2K云台版,dtwl.camera.dtz3m,dtwl.camera.dtz3m.png,
安防,Dracle,Dracle智能门锁S1,kkd.lock.ss1,kkd.lock.ss1.png,
安防,JOG,JOG 智能U型锁 H1,jgwj.lock.jogh1,jgwj.lock.jogh1.png,
安防,KAPUCI,卡唛米尚电子指纹保管箱,lcrmcr.safe.ms,lcrmcr.safe.ms.png,
安防,LineHope,LineHope智能玻璃门锁C1,line.lock.bmsc1,line.lock.bmsc1.png,
安防,LineHope,LineHope智能玻璃门锁C1S,line.lock.bmsc1s,line.lock.bmsc1s.png,
安防,LineHope,LineHope智能门锁S2,line.lock.ms2,line.lock.ms2.png,
安防,LineHope,智能门锁S5 Pro,line.lock.fms5s,line.lock.fms5s.png,
安防,MANIS JAVANICA,MANIS JAVANICA（穿山甲）智能门锁 B10,haman.lock.b10m,haman.lock.b10m.png,
安防,MANIS JAVANICA,MANIS JAVANICA（穿山甲）智能门锁 门小宝6号,haman.lock.mxb6h,haman.lock.mxb6h.png,
安防,Mexin美心,美心智能锁MX-K20S,mexin.lock.k20s,mexin.lock.k20s.png,
安防,OJJ,OJJ智能门锁X1,loock.lock.v4,loock.lock.v4.png,
安防,OJJ,OJJ智能门锁Z1,loock.lock.ojjz1,loock.lock.ojjz1.png,
安防,PALMHANG掌航,palmhang掌航智能指纹门锁M2,px123.lock.m2,px123.lock.m2.png,
安防,PALMHANG掌航,掌航智能门锁H6,px123.lock.h6,px123.lock.h6.png,
安防,PANPAN,盼盼智能锁 PL7230,cnbi.lock.pl7230,cnbi.lock.pl7230.png,
安防,SCI MAN LOCK,LKD智能门铃M10,lkd001.doorbell.amlkml,lkd001.doorbell.amlkml.png,
安防,TATACASA,TATACASA智能门锁NJJ-101,line.lock.mst2,line.lock.mst2.png,
安防,TATACASA,TATACASA智能门锁NJJ-102,line.lock.mst1,line.lock.mst1.png,
安防,TECCHE,特畅恒智能门锁A20,tecche.lock.a20,tecche.lock.a20.png,
安防,VOC,VOC全自动掌静脉门锁,voc777.lock.k5ss,voc777.lock.k5ss.png,
安防,VOC,VOC全自动门锁,voc777.lock.k6,voc777.lock.k6.png,
安防,VOC,VOC大屏猫眼人脸锁T10 Plus,voc777.lock.t8,voc777.lock.t8.png,
安防,VOC,VOC智能门锁T50 Max,voc777.lock.t20pro,voc777.lock.t20pro.png,
安防,VOC,VOC猫眼视频人脸锁,voc777.lock.t30pro,voc777.lock.t30pro.png,
安防,VOC,小K士人脸门锁,voc777.lock.757,voc777.lock.757.png,
安防,YNSUR,ynsurT13智能锁,ynsur.lock.t13,ynsur.lock.t13.png,
安防,Yeelight,全自动人脸识别门锁,yeelink.lock.alps03,yeelink.lock.alps03.png,
安防,dlingsmart,叮零室外云台摄像机 B1,xiaovv.camera.fjcam9,xiaovv.camera.fjcam9.png,
安防,dlingsmart,叮零室外双摄摄像机 A8,xiaovv.camera.fj20,xiaovv.camera.fj20.png,
安防,dlingsmart,叮零室外双摄摄像机A1,xiaovv.camera.fjcam3,xiaovv.camera.fjcam3.png,
安防,dlingsmart,叮零户外云台摄像机 4G,xiaovv.camera.fjcam5,xiaovv.camera.fjcam5.png,
安防,dlingsmart,叮零智能云台摄像机 X3,xiaovv.camera.fjcam8,xiaovv.camera.fjcam8.png,
安防,dlingsmart,叮零智能云台摄像机 X3 Pro,xiaovv.camera.fj13,xiaovv.camera.fj13.png,
安防,dlingsmart,叮零智能云台摄像机 X8,xiaovv.camera.fj19,xiaovv.camera.fj19.png,
安防,dlingsmart,叮零智能双摄摄像机 S8,xiaovv.camera.fjcam4,xiaovv.camera.fjcam4.png,
安防,dlingsmart,叮零智能双摄海螺机 H2,xiaovv.camera.fj12,xiaovv.camera.fj12.png,
安防,dlingsmart,叮零智能摄像机 N1,xiaovv.camera.fjcam6,xiaovv.camera.fjcam6.png,
安防,dlingsmart,智能双摄摄像机S1云台版,xiaovv.camera.fjcam2,xiaovv.camera.fjcam2.png,
安防,imilab,IMILAB智能门锁M10,chuangmi.lock.506ac1,chuangmi.lock.506ac1.png,
安防,linptech 领普,自发电WIFI门铃2,linp.doorbell.g04,linp.doorbell.g04.png,
安防,linptech 领普,自发电WiFi门铃,linp.doorbell.g03,linp.doorbell.g03.png,
安防,qborn,qborn小海豚儿童安全座椅手机版,913101.tracker.d1,913101.tracker.d1.png,
安防,xiaovv,xiaovv 户外云台摄像机 2.5K SE,xiaovv.camera.xvvc04,xiaovv.camera.xvvc04.png,
安防,xiaovv,xiaovv室内枪球一体摄像机 BQ2 Pro,xiaovv.camera.xvvc02,xiaovv.camera.xvvc02.png,
安防,xiaovv,xiaovv户外云台摄像机 2K,xiaovv.camera.p1,xiaovv.camera.p1.png,
安防,xiaovv,xiaovv户外云台摄像机 4G,xiaovv.camera.p124g,xiaovv.camera.p124g.png,
安防,xiaovv,xiaovv户外云台摄像机 4G 2.5K,xiaovv.camera.xv4g2,xiaovv.camera.xv4g2.png,
安防,xiaovv,xiaovv户外云台摄像机 Pro 2.5K,xiaovv.camera.p94mp,xiaovv.camera.p94mp.png,
安防,xiaovv,xiaovv户外摄像机 Pro 2K,xiaovv.camera.xvcb3,xiaovv.camera.xvcb3.png,
安防,xiaovv,xiaovv户外枪球一体摄像机,xiaovv.camera.bp340,xiaovv.camera.bp340.png,
安防,xiaovv,xiaovv智能云台摄像机 2K,xiaovv.camera.q8,xiaovv.camera.q8.png,
安防,xiaovv,xiaovv智能云台摄像机 2K 双光版,xiaovv.camera.q9,xiaovv.camera.q9.png,
安防,xiaovv,xiaovv智能云台摄像机 心享版,xiaovv.camera.q12,xiaovv.camera.q12.png,
安防,xiaovv,xiaovv智能云台摄像机 智享版,xiaovv.camera.q2,xiaovv.camera.q2.png,
安防,xiaovv,xiaovv智能云台摄像机 智享版2.5K,xiaovv.camera.q24mp,xiaovv.camera.q24mp.png,
安防,xiaovv,xiaovv智能云台海螺机,xiaovv.camera.q1,xiaovv.camera.q1.png,
安防,xiaovv,xiaovv智能云台海螺机2.5K,xiaovv.camera.q330,xiaovv.camera.q330.png,
安防,xiaovv,xiaovv智能全景摄像机（云存储版）,xiaovv.camera.xvd5,xiaovv.camera.xvd5.png,
安防,xiaovv,xiaovv智能婴儿监护器 2K,xiaovv.camera.c12k,xiaovv.camera.c12k.png,
安防,xiaovv,xiaovv智能婴儿监护器 4K,xiaovv.camera.xvvc08,xiaovv.camera.xvvc08.png,
安防,xiaovv,xiaovv智能婴儿监视器,xiaovv.camera.c1,xiaovv.camera.c1.png,
安防,xiaovv,xiaovv海螺枪球摄像机 BQ3,xiaovv.camera.bq36,xiaovv.camera.bq36.png,
安防,xiaovv,小猫云台摄像机 青春版,xiaovv.camera.q2lite,xiaovv.camera.q2lite.png,
安防,xiaovv,户外云台摄像机 青春版,xiaovv.camera.p12l,xiaovv.camera.p12l.png,
安防,xiaovv,欧森智能摄像机 2K,xiaovv.camera.q4,xiaovv.camera.q4.png,
安防,xiaovv,烈驹智能云台半球机 2K,xiaovv.camera.ljcam1,xiaovv.camera.ljcam1.png,
安防,三斧头,三斧头密码抽屉T3,t3ft.safe.001,t3ft.safe.001.png,
安防,云丁,云丁智能锁L90-ULtra,ydlock.lock.l90,ydlock.lock.l90.png,
安防,云米,云米AI智能摄像机Smart（云台版2.5K）,yunmi.camera.cwb12b,yunmi.camera.cwb12b.png,
安防,云米,云米AI智能门锁Cross 3,yunmi.lock.lbt81a,yunmi.lock.lbt81a.png,
安防,云米,云米AI智能门锁Master 3E,viomi.lock.lbt46a,viomi.lock.lbt46a.png,
安防,云米,云米AI智能门锁Smart 2,viomi.lock.lbt51a,viomi.lock.lbt51a.png,
安防,云米,云米AI智能门锁Super 2E（蓝牙版）,viomi.lock.lbt61a,viomi.lock.lbt61a.png,
安防,云米,云米AI智能门锁Super 2Y,viomi.lock.lbt16a,viomi.lock.lbt16a.png,
安防,云米,云米AI智能门锁Super 3Y,viomi.lock.lbt64a,viomi.lock.lbt64a.png,
安防,云米,云米AI智能门锁eLink 2C,viomi.lock.link3,viomi.lock.link3.png,
安防,云米,云米AI智能门锁eyeLink 2F Pro,viomi.lock.lbt41e,viomi.lock.lbt41e.png,
安防,云米,云米AI智能门锁eyeLink 2S,viomi.lock.lbt48a,viomi.lock.lbt48a.png,
安防,云米,云米互联智能门锁Link（蓝牙版）,viomi.lock.link1,viomi.lock.link1.png,
安防,云米,云米互联智能门锁Link（长续航版）,viomi.lock.link2,viomi.lock.link2.png,
安防,云米,云米互联网智能门锁eLink 2A,viomi.lock.lbt14a,viomi.lock.lbt14a.png,
安防,云米,云米互联网智能门锁eLink 2Pro,viomi.lock.link2p,viomi.lock.link2p.png,
安防,云米,云米互联网智能门锁eyeLink 2F,viomi.lock.link4s,viomi.lock.link4s.png,
安防,云米,云米互联网智能门锁eyeLink 2V,viomi.lock.link2v,viomi.lock.link2v.png,
安防,云米,云米蓝调AI智能门锁E,yunmi.lock.lbt81b,yunmi.lock.lbt81b.png,
安防,云米,云米蓝调系列智能门锁(3D人脸版),viomi.lock.lbt12a,viomi.lock.lbt12a.png,
安防,云米,云米蓝调系列智能门锁(人脸猫眼版),viomi.lock.lbt16b,viomi.lock.lbt16b.png,
安防,云米,云米蓝调系列智能门锁(大屏猫眼版),viomi.lock.lbt13a,viomi.lock.lbt13a.png,
安防,云米,云米蓝调系列智能门锁（基础版）,yunmi.lock.lbt11c,yunmi.lock.lbt11c.png,
安防,云米,云米蓝调系列智能门锁（掌静脉人脸猫眼版）,yunmi.lock.lbt14a,yunmi.lock.lbt14a.png,
安防,云米,云米鲲鹏AI智能门锁 Pro,yunmi.lock.lwb89a,yunmi.lock.lwb89a.png,
安防,云鹿,云鹿智能门Classic,yunlu.door.sd2110,yunlu.door.sd2110.png,
安防,云鹿,云鹿智能门K2,yunlu.door.sd2107,yunlu.door.sd2107.png,
安防,云鹿,云鹿智能门P1,yunlu.door.sd2101,yunlu.door.sd2101.png,
安防,云鹿,云鹿智能门P50,yunlu.door.sd2111,yunlu.door.sd2111.png,
安防,云鹿,云鹿智能门U,yunlu.door.sd2103,yunlu.door.sd2103.png,
安防,云鹿,云鹿智能门Y,yunlu.door.sd2104,yunlu.door.sd2104.png,
安防,云鹿,云鹿智能门Young,yunlu.door.sd2108,yunlu.door.sd2108.png,
安防,云鹿,智能门Classic,yunlu.door.sd2112,yunlu.door.sd2112.png,
安防,京东京造,京东京造M10 pro智能门锁,jdjz.lock.m10pro,jdjz.lock.m10pro.png,
安防,优点,优点智能锁C1P,ydhome.lock.c1p,ydhome.lock.c1p.png,
安防,优点,优点智能锁M2,ydhome.lock.m2silver,ydhome.lock.m2silver.png,
安防,优点,优点智能锁M2 Pro,ydhome.lock.m2p,ydhome.lock.m2p.png,
安防,优点,优点智能锁M2Lite,ydhome.lock.m2lite,ydhome.lock.m2lite.png,
安防,优点,优点智能锁乐可多系列-10,ydhome.lock.lkd10,ydhome.lock.lkd10.png,
安防,优点,优点智能锁乐可多系列-15,ydhome.lock.lkd15,ydhome.lock.lkd15.png,
安防,优点,优点智能锁乐可多系列LKD3,ydhome.lock.lkd3,ydhome.lock.lkd3.png,
安防,公牛,公牛门锁Z10-M,bull.lock.z10,bull.lock.z10.png,
安防,公牛,公牛门锁Z33-M,bull.lock.z33m,bull.lock.z33m.png,
安防,其他品牌,DUN智能猫眼,dun.cateye.nknk500,dun.cateye.nknk500.png,
安防,其他品牌,E206Mi,bc1869.lock.t002,bc1869.lock.t002.png,
安防,其他品牌,Ola智能木门锁Mars,ola.lock.i3,ola.lock.i3.png,
安防,其他品牌,QCY智能摄像机CC1S,qcy.camera.c1pro,qcy.camera.c1pro.png,
安防,其他品牌,safeV户外云台摄像机 Pro 2.5K,xiaovv.camera.svp940,xiaovv.camera.svp940.png,
安防,其他品牌,xiaovv 户外摄像机,xiaovv.camera.xvb4,xiaovv.camera.xvb4.png,
安防,其他品牌,xiaovv智能全景摄像机,xiaovv.camera.xva3,xiaovv.camera.xva3.png,
安防,其他品牌,乐橙智能摄像机云台版,imou99.camera.tp2,imou99.camera.tp2.png,
安防,其他品牌,冉物智能防丢器,minuo.tracker.lm001,minuo.tracker.lm001.png,
安防,其他品牌,博凡W系列保管箱,zhaomu.safe.bgx45l,zhaomu.safe.bgx45l.png,
安防,其他品牌,壁灯摄像机,xiaovv.camera.lamp,xiaovv.camera.lamp.png,
安防,其他品牌,夏洛克智能贴锁M1,yunshi.lock.s2,yunshi.lock.s2.png,
安防,其他品牌,建筑倾斜振动安全监测仪,easc.alarm.biv1,easc.alarm.biv1.png,
安防,其他品牌,户外云台摄像机,xiaovv.camera.ptz,xiaovv.camera.ptz.png,
安防,其他品牌,户外摄像机 Pro,xiaovv.camera.xvcb2,xiaovv.camera.xvcb2.png,
安防,其他品牌,智能云台摄像机,xiaovv.camera.xvsnowman,xiaovv.camera.xvsnowman.png,
安防,其他品牌,果加智能门锁M1,huohe.lock.m1,huohe.lock.m1.png,
安防,其他品牌,汇泰龙超薄屏下指纹智能锁U1,hutlon.lock.v0001,hutlon.lock.v0001.png,
安防,其他品牌,石将军智能门锁 M1,sjj.lock.m1,sjj.lock.m1.png,
安防,其他品牌,贝尔森智能门锁JW-P,jiwu.lock.jwp01,jiwu.lock.jwp01.png,
安防,凯迪仕,凯迪仕全自动智能锁 K9-S（M）,kaadas.lock.m91,kaadas.lock.m91.png,
安防,卡唛,CRMCR卡唛卡诺抽柜智能保管柜,lcrmcr.safe.55kn2,lcrmcr.safe.55kn2.png,
安防,卡唛,CRMCR卡唛复古机械智能保管箱,lcrmcr.safe.30j,lcrmcr.safe.30j.png,
安防,卡唛,CRMCR卡唛智能玻璃门锁,lcrmcr.lock.cb2207,lcrmcr.lock.cb2207.png,
安防,卡唛,CRMCR卡唛智能玻璃门锁Pro,lcrmcr.lock.cb2306,lcrmcr.lock.cb2306.png,
安防,卡唛,CRMCR卡唛米诺智能单抽保管柜,lcrmcr.safe.46mn,lcrmcr.safe.46mn.png,
安防,卡唛,CRMCR卡唛雅诺智能保管箱,lcrmcr.safe.46yn,lcrmcr.safe.46yn.png,
安防,卡唛,CRMCR安诺电子指纹保管箱PRO,lcrmcr.safe.mp,lcrmcr.safe.mp.png,
安防,卡唛,卡唛mini智能复古保管箱,lcrmcr.safe.x142,lcrmcr.safe.x142.png,
安防,卡唛,卡唛卡诺智能保管箱,lcrmcr.safe.ms55kn,lcrmcr.safe.ms55kn.png,
安防,卡唛,卡唛安诺指纹保管箱25Z,lcrmcr.safe.25z,lcrmcr.safe.25z.png,
安防,卡唛,卡唛安诺指纹保险箱,lcrmcr.safe.an35sizw,lcrmcr.safe.an35sizw.png,
安防,卡唛,卡唛安诺电子保管箱,lcrmcr.safe.an35sidz,lcrmcr.safe.an35sidz.png,
安防,卡唛,卡唛安诺电子指纹保管箱PRO,lcrmcr.safe.ms30mp,lcrmcr.safe.ms30mp.png,
安防,卡唛,卡唛指纹保管箱,lcrmcr.safe.ms30b,lcrmcr.safe.ms30b.png,
安防,卡唛,卡唛智能保管箱,lcrmcr.safe.kmzb53,lcrmcr.safe.kmzb53.png,
安防,卡唛,卡唛百宝智能保险柜,lcrmcr.safe.d60ht,lcrmcr.safe.d60ht.png,
安防,卡唛,卡唛米克mini智能屏下指纹保管箱,lcrmcr.safe.20mini,lcrmcr.safe.20mini.png,
安防,卡唛,卡唛米刻指纹保管箱,lcrmcr.safe.30mk,lcrmcr.safe.30mk.png,
安防,卡唛,卡唛米尚人脸识别智能保管箱,lcrmcr.safe.msh,lcrmcr.safe.msh.png,
安防,卡唛,卡唛臻宝人脸识别保险柜,lcrmcr.safe.ms80b,lcrmcr.safe.ms80b.png,
安防,卿刻,卿刻T5智能门锁,wzxj.lock.t5,wzxj.lock.t5.png,
安防,卿刻,卿刻云智锁一握开T1,hooson.lock.tf22,hooson.lock.tf22.png,
安防,卿刻,卿刻智能门锁L7,wzxj.lock.l7,wzxj.lock.l7.png,
安防,卿刻,卿刻智能门锁Mo,wzxj.lock.mo,wzxj.lock.mo.png,
安防,卿刻,卿刻智能门锁Mo Pro,wzxj.lock.mopro,wzxj.lock.mopro.png,
安防,卿刻,卿刻智能门锁T2Pro,wzxj.lock.t2pro,wzxj.lock.t2pro.png,
安防,卿刻,卿刻智能门锁T5E,wzxj.lock.t5e,wzxj.lock.t5e.png,
安防,卿刻,卿刻智能门锁T5pro,wzxj.lock.t5pro,wzxj.lock.t5pro.png,
安防,叮零,叮零智能控制提醒器,madv.doorbell.dltxq,madv.doorbell.dltxq.png,
安防,叮零,叮零智能视频门铃,madv.cateye.dlowl,madv.cateye.dlowl.png,
安防,叮零,叮零智能视频门铃C3,madv.cateye.dlowlse,madv.cateye.dlowlse.png,
安防,叮零,叮零智能视频门铃E3,madv.cateye.dle3jz,madv.cateye.dle3jz.png,
安防,叮零,叮零智能视频门铃S,madv.cateye.dlowlplus,madv.cateye.dlowlplus.png,
安防,叮零,叮零窗户限位报警器 智能版,madv.alarm.winlock1,madv.alarm.winlock1.png,
安防,叮零,叮零视频门铃E6,madv.cateye.dle4jz,madv.cateye.dle4jz.png,
安防,喵眼精灵,喵眼摄像机,jooan.camera.548910,jooan.camera.548910.png,
安防,因硕,因硕智能锁M1,ynsur.lock.m1,ynsur.lock.m1.png,
安防,因硕,因硕智能锁Q16,ynsur.lock.q16v1,ynsur.lock.q16v1.png,
安防,因硕,因硕智能锁S11m,ynsur.lock.s11m,ynsur.lock.s11m.png,
安防,因硕,因硕智能锁S12m,ynsur.lock.s12m,ynsur.lock.s12m.png,
安防,因硕,因硕智能门锁M1 Pro,ynsur.lock.m1pro,ynsur.lock.m1pro.png,
安防,因硕,因硕智能门锁T30m,ynsur.lock.t30m,ynsur.lock.t30m.png,
安防,因硕,因硕智能门锁V12m,ynsur.lock.v12m,ynsur.lock.v12m.png,
安防,多亲,指静脉识别私密箱,duoqin.safe.pbfv01,duoqin.safe.pbfv01.png,
安防,大德利,大德利V6人脸视频智能锁,zsdl.lock.v6,zsdl.lock.v6.png,
安防,大德利,大德利嵌入式人脸智能锁V38,zsdl.lock.v38,zsdl.lock.v38.png,
安防,奥克斯,奥克斯智能锁Y3,iccssi.lock.y3,iccssi.lock.y3.png,
安防,小嘀,Q3,dsm.lock.q3,dsm.lock.q3.png,
安防,小嘀,小嘀人脸识别智能锁R5,dsm.lock.r5,dsm.lock.r5.png,
安防,小嘀,小嘀智能指纹锁H3,dsm.lock.h3,dsm.lock.h3.png,
安防,小嘀,德施曼智能锁Q3P,dsm.lock.q3p,dsm.lock.q3p.png,
安防,小方,华来小方室外摄像机 2K版,isa.camera.hlv3c,isa.camera.hlv3c.png,
安防,小方,华来小方智能挂锁,isa.lock.hlsl01,isa.lock.hlsl01.png,
安防,小方,华来小方智能摄像机（双摄版）,isa.camera.qf3,isa.camera.qf3.png,
安防,小方,华来小方智能门铃2 Pro,isa.cateye.hldb6,isa.cateye.hldb6.png,
安防,小方,大方智能摄像机(1080P云台版),isa.camera.df3,isa.camera.df3.png,
安防,小方,小圆智能摄像机,isa.camera.hl5,isa.camera.hl5.png,
安防,小方,小方智能摄像机,isa.camera.isc5,isa.camera.isc5.png,
安防,小方,小方智能摄像机 云台版,isa.camera.panjd1,isa.camera.panjd1.png,
安防,小白,IMILAB智能门锁S10,chuangmi.lock.530ac2,chuangmi.lock.530ac2.png,
安防,小白,创米小白智能门锁C1,chuangmi.lock.hmi501,chuangmi.lock.hmi501.png,
安防,小白,创米小白智能门锁X7,chuangmi.lock.hmi505a01,chuangmi.lock.hmi505a01.png,
安防,小白,小白智慧门H1,chuangmi.door.hmi508,chuangmi.door.hmi508.png,
安防,小白,小白智慧门可视系统H1,chuangmi.cateye.ipc508,chuangmi.cateye.ipc508.png,
安防,小白,小白智能全景球机 Q1,chuangmi.camera.055c02,chuangmi.camera.055c02.png,
安防,小白,小白智能户外摄像机 AI高清版,chuangmi.camera.040a02,chuangmi.camera.040a02.png,
安防,小白,小白智能户外摄像机Q2,chuangmi.camera.065ac1,chuangmi.camera.065ac1.png,
安防,小白,小白智能户外摄像机Q2 双摄照明版,chuangmi.camera.068ac1,chuangmi.camera.068ac1.png,
安防,小白,小白智能摄像机,chuangmi.camera.060a02,chuangmi.camera.060a02.png,
安防,小白,小白智能摄像机 (2.5K),chuangmi.camera.46e01,chuangmi.camera.46e01.png,
安防,小白,小白智能摄像机 A2双摄版,chuangmi.camera.111ac1,chuangmi.camera.111ac1.png,
安防,小白,小白智能摄像机 云台版Y2,chuangmi.camera.046d02,chuangmi.camera.046d02.png,
安防,小白,小白智能摄像机 户外云台版 N系列,chuangmi.camera.025b02,chuangmi.camera.025b02.png,
安防,小白,小白智能摄像机 户外云台版N4,chuangmi.camera.042a02,chuangmi.camera.042a02.png,
安防,小白,小白智能摄像机1080P云台版,chuangmi.camera.v3,chuangmi.camera.v3.png,
安防,小白,小白智能摄像机720P青春版,chuangmi.camera.ipc004b,chuangmi.camera.ipc004b.png,
安防,小白,小白智能摄像机A1,chuangmi.camera.ipc019e,chuangmi.camera.ipc019e.png,
安防,小白,小白智能摄像机A1母婴版,chuangmi.camera.019e04,chuangmi.camera.019e04.png,
安防,小白,小白智能摄像机A2,chuangmi.camera.021e02,chuangmi.camera.021e02.png,
安防,小白,小白智能摄像机Y2 云台尊享版,chuangmi.camera.038a02,chuangmi.camera.038a02.png,
安防,小白,小白智能摄像机mini,chuangmi.camera.v4,chuangmi.camera.v4.png,
安防,小白,小白智能摄像机云台版,chuangmi.camera.ipc016,chuangmi.camera.ipc016.png,
安防,小白,小白智能摄像机增强版,chuangmi.camera.ipc013d,chuangmi.camera.ipc013d.png,
安防,小白,小白智能摄像机大众版,chuangmi.camera.v5,chuangmi.camera.v5.png,
安防,小白,小白智能摄像机大众版1080P,chuangmi.camera.ipc010,chuangmi.camera.ipc010.png,
安防,小白,小白智能摄像机大众版C1,chuangmi.camera.27a02,chuangmi.camera.27a02.png,
安防,小白,小白智能摄像机旗舰版,chuangmi.camera.ipc007b,chuangmi.camera.ipc007b.png,
安防,小白,小白智能摄像机青春版,chuangmi.camera.ipc019b,chuangmi.camera.ipc019b.png,
安防,小白,小白智能猫眼,chuangmi.cateye.ipc018,chuangmi.cateye.ipc018.png,
安防,小白,小白智能视频门铃,chuangmi.cateye.i023a01,chuangmi.cateye.i023a01.png,
安防,小白,小白智能门锁 J16,chuangmi.lock.hmi503a01,chuangmi.lock.hmi503a01.png,
安防,小白,小白智能门锁G1,chuangmi.lock.hmi501b01,chuangmi.lock.hmi501b01.png,
安防,小白,智慧门2,chuangmi.door.518a01,chuangmi.door.518a01.png,
安防,小白,智慧门Blade Star系列,chuangmi.door.515a01,chuangmi.door.515a01.png,
安防,小米出品,4K云台摄像头,careco.camera.650,careco.camera.650.png,
安防,小米出品,Xiaomi室外摄像机 AW300,mxiang.camera.mod11,mxiang.camera.mod11.png,
安防,小米出品,Xiaomi室外摄像机CW400,isa.camera.hlc8,isa.camera.hlc8.png,
安防,小米出品,单反遥控,miir.camera.ir01,miir.camera.ir01.png,
安防,小米出品,小米人脸识别智能门锁,lumi.lock.mcn002,lumi.lock.mcn002.png,
安防,小米出品,小米人脸识别智能门锁 X,lumi.lock.bmcn05,lumi.lock.bmcn05.png,
安防,小米出品,小米全自动智能门锁,loock.lock.t1,loock.lock.t1.png,
安防,小米出品,小米全自动智能门锁 Pro,loock.lock.t1pro,loock.lock.t1pro.png,
安防,小米出品,小米室外摄像机BW500,midr.camera.bw400,midr.camera.bw400.png,
安防,小米出品,小米室外摄像机CW300,mxiang.camera.moc001,mxiang.camera.moc001.png,
安防,小米出品,小米室外摄像机CW500,isa.camera.cw500,isa.camera.cw500.png,
安防,小米出品,小米室外摄像机CW500双摄版,isa.camera.hlmax,isa.camera.hlmax.png,
安防,小米出品,小米室外摄像机CW700S,isa.camera.hlzoom,isa.camera.hlzoom.png,
安防,小米出品,小米室外摄像机电池版（室内机）,mxiang.camera.mwc10,mxiang.camera.mwc10.png,
安防,小米出品,小米室外摄像机电池版（摄像机）,mxiang.camera.mwc11,mxiang.camera.mwc11.png,
安防,小米出品,小米对讲机1S,fengyu.intercom.sealv1,fengyu.intercom.sealv1.png,
安防,小米出品,小米对讲机2,fengyu.intercom.sharkv1,fengyu.intercom.sharkv1.png,
安防,小米出品,小米对讲机2S,fengyu.intercom.mi3,fengyu.intercom.mi3.png,
安防,小米出品,小米对讲机3,xiaomi.intercom.mi2p,xiaomi.intercom.mi2p.png,
安防,小米出品,小米对讲机3 畅聊版,xiaomi.intercom.3lite,xiaomi.intercom.3lite.png,
安防,小米出品,小米对讲机Lite,fengyu.intercom.litev1,fengyu.intercom.litev1.png,
安防,小米出品,小米小白智能摄像机增强版,chuangmi.camera.v6,chuangmi.camera.v6.png,
安防,小米出品,小米数字对讲机,xiaomi.intercom.5pro,xiaomi.intercom.5pro.png,
安防,小米出品,小米智能室外摄像机 4 4G双摄版,xiaomi.camera.hl4g,xiaomi.camera.hl4g.png,
安防,小米出品,小米智能室外摄像机 4 4K,isa.camera.cw501,isa.camera.cw501.png,
安防,小米出品,小米智能室外摄像机 4 Pro 三摄变焦版,xiaomi.camera.cw701,xiaomi.camera.cw701.png,
安防,小米出品,小米智能室外摄像机 4 双摄版,isa.camera.cw501d,isa.camera.cw501d.png,
安防,小米出品,小米智能室外摄像机 4C 3K,xiaomi.camera.cw301,xiaomi.camera.cw301.png,
安防,小米出品,小米智能摄像机  云台版Pro,chuangmi.camera.ipc021,chuangmi.camera.ipc021.png,
安防,小米出品,小米智能摄像机 3 3K,xiaomi.camera.069a03,xiaomi.camera.069a03.png,
安防,小米出品,小米智能摄像机 4 4K,chuangmi.camera.079ac1,chuangmi.camera.079ac1.png,
安防,小米出品,小米智能摄像机 4 Max AI变焦版,xiaomi.camera.pc02,xiaomi.camera.pc02.png,
安防,小米出品,小米智能摄像机 4 双摄版,xiaomi.camera.082ac1,xiaomi.camera.082ac1.png,
安防,小米出品,小米智能摄像机 4 变焦版,xiaomi.camera.083ac1,xiaomi.camera.083ac1.png,
安防,小米出品,小米智能摄像机 4C 3.5K,xiaomi.camera.c302,xiaomi.camera.c302.png,
安防,小米出品,小米智能摄像机 AI探索版,chuangmi.camera.ipc022,chuangmi.camera.ipc022.png,
安防,小米出品,小米智能摄像机 云台版,chuangmi.camera.ipc019,chuangmi.camera.ipc019.png,
安防,小米出品,小米智能摄像机 云台版2K,xiaomi.camera.c01a02,xiaomi.camera.c01a02.png,官网已移除该型号
安防,小米出品,小米智能摄像机 云台版SE,chuangmi.camera.ip026c,chuangmi.camera.ip026c.png,
安防,小米出品,小米智能摄像机 云台版SE+,chuangmi.camera.046c04,chuangmi.camera.046c04.png,
安防,小米出品,小米智能摄像机 标准版,isa.camera.hlc6,isa.camera.hlc6.png,
安防,小米出品,小米智能摄像机 标准版2K,isa.camera.hlc7,isa.camera.hlc7.png,
安防,小米出品,小米智能摄像机 母婴看护版,chuangmi.camera.066a01,chuangmi.camera.066a01.png,
安防,小米出品,小米智能摄像机 视频通话版,chuangmi.camera.086ac1,chuangmi.camera.086ac1.png,
安防,小米出品,小米智能摄像机2 AI增强版,chuangmi.camera.051a01,chuangmi.camera.051a01.png,
安防,小米出品,小米智能摄像机2 云台版,chuangmi.camera.039c01,chuangmi.camera.039c01.png,官网已移除该型号
安防,小米出品,小米智能摄像机3 Pro 云台版,chuangmi.camera.061a01,chuangmi.camera.061a01.png,
安防,小米出品,小米智能摄像机3 云台版,chuangmi.camera.069a01,chuangmi.camera.069a01.png,
安防,小米出品,小米智能摄像机C300双摄版,chuangmi.camera.72ac1,chuangmi.camera.72ac1.png,
安防,小米出品,小米智能摄像机C500双摄版,mxiang.camera.c500ch,mxiang.camera.c500ch.png,
安防,小米出品,小米智能摄像机C700,chuangmi.camera.81ac1,chuangmi.camera.81ac1.png,
安防,小米出品,小米智能摄像机云台版,chuangmi.camera.ipc009,chuangmi.camera.ipc009.png,
安防,小米出品,小米智能摄像机云台版SE+,chuangmi.camera.026c02,chuangmi.camera.026c02.png,
安防,小米出品,小米智能猫眼,loock.cateye.v02,loock.cateye.v02.png,
安防,小米出品,小米智能猫眼1S,loock.cateye.v06,loock.cateye.v06.png,
安防,小米出品,小米智能猫眼2,midr.cateye.ph300,midr.cateye.ph300.png,
安防,小米出品,小米智能门铃 4,midr.cateye.db400a,midr.cateye.db400a.png,
安防,小米出品,小米智能门铃 4 Pro,midr.cateye.sd400,midr.cateye.sd400.png,
安防,小米出品,小米智能门铃2 Lite,madv.cateye.miowlv2l,madv.cateye.miowlv2l.png,
安防,小米出品,小米智能门铃3,madv.cateye.miowl3,madv.cateye.miowl3.png,
安防,小米出品,小米智能门锁,lumi.lock.mcn01,lumi.lock.mcn01.png,
安防,小米出品,小米智能门锁 1S,lumi.lock.bmcn04,lumi.lock.bmcn04.png,
安防,小米出品,小米智能门锁 2,xiaomi.lock.dl02v1,xiaomi.lock.dl02v1.png,
安防,小米出品,小米智能门锁 2 指静脉版,xiaomi.lock.b03,xiaomi.lock.b03.png,
安防,小米出品,小米智能门锁 2 猫眼版,xiaomi.lock.b04,xiaomi.lock.b04.png,
安防,小米出品,小米智能门锁 4 Pro,xiaomi.lock.s1,xiaomi.lock.s1.png,
安防,小米出品,小米智能门锁 E,lumi.lock.bmcn03,lumi.lock.bmcn03.png,
安防,小米出品,小米智能门锁 E10,oms.lock.dl01,oms.lock.dl01.png,
安防,小米出品,小米智能门锁 E30,loock.lock.h01lyk,loock.lock.h01lyk.png,
安防,小米出品,小米智能门锁 E30 大屏猫眼版,loock.lock.h01myk,loock.lock.h01myk.png,
安防,小米出品,小米智能门锁 G10,oms.lock.g10,oms.lock.g10.png,
安防,小米出品,小米智能门锁 G100,xiaomi.lock.g100,xiaomi.lock.g100.png,
安防,小米出品,小米智能门锁 G11,loock.lock.h01gc,loock.lock.h01gc.png,
安防,小米出品,小米智能门锁 G500,xiaomi.lock.g500,xiaomi.lock.g500.png,
安防,小米出品,小米智能门锁 M20,loock.lock.t2v1,loock.lock.t2v1.png,
安防,小米出品,小米智能门锁 M20 Pro,loock.lock.r2,loock.lock.r2.png,
安防,小米出品,小米智能门锁 M20 大屏猫眼版,loock.lock.t2pv1,loock.lock.t2pv1.png,
安防,小米出品,小米智能门锁 M30 Pro,xiaomi.lock.s20pro,xiaomi.lock.s20pro.png,
安防,小米出品,小米智能门锁 M30 人脸识别版,xiaomi.lock.m30fc,xiaomi.lock.m30fc.png,
安防,小米出品,小米智能门锁 M30 掌静脉版,xiaomi.lock.s20,xiaomi.lock.s20.png,
安防,小米出品,小米智能门锁 M40,xiaomi.lock.m30fa,xiaomi.lock.m30fa.png,
安防,小米出品,小米智能门锁 M40 Pro,xiaomi.lock.m30max,xiaomi.lock.m30max.png,
安防,小米出品,小米智能门锁 Pro,lumi.lock.wbmcn1,lumi.lock.wbmcn1.png,
安防,小米出品,小米智能门锁 推拉式,loock.lock.v5,loock.lock.v5.png,
安防,小米出品,小米智能门锁 青春版,loock.lock.v6,loock.lock.v6.png,
安防,小米出品,小米智能门锁2 Pro,loock.lock.t3pul,loock.lock.t3pul.png,
安防,小米出品,小米智能门锁2 人脸识别版,loock.lock.t3pmax,loock.lock.t3pmax.png,
安防,小米出品,小米智能门锁2 大屏猫眼版,xiaomi.lock.b04s,xiaomi.lock.b04s.png,
安防,小米出品,小米智能门锁2 指静脉增强版,xiaomi.lock.b04sv,xiaomi.lock.b04sv.png,
安防,小米出品,小米智能门锁4 Pro 双摄版,xiaomi.lock.s2,xiaomi.lock.s2.png,
安防,小米出品,小米智能门锁E20 WiFi版,lumi.lock.mcn008,lumi.lock.mcn008.png,
安防,小米出品,小米智能门锁E20 猫眼版,lumi.lock.mcn009,lumi.lock.mcn009.png,
安防,小米出品,小米智能门锁G300 猫眼版,xiaomi.lock.g300,xiaomi.lock.g300.png,
安防,小米出品,小米米家智能摄像机,mijia.camera.v3,mijia.camera.v3.png,
安防,小米出品,小米视频门铃,madv.cateye.miowl,madv.cateye.miowl.png,
安防,小米出品,米家小白智能摄像机,chuangmi.camera.xiaobai,chuangmi.camera.xiaobai.png,
安防,小米出品,米家小相机,fimi.camera.c1,fimi.camera.c1.png,
安防,小米出品,米家智能保管箱,loock.safe.v1,loock.safe.v1.png,
安防,小米出品,米家智能保管箱 30cm,lumi.safe.mcn003,lumi.safe.mcn003.png,
安防,小米出品,米家智能摄像机1080P,mijia.camera.v1,mijia.camera.v1.png,
安防,小米出品,米家智能摄像机云台版,chuangmi.camera.v2,chuangmi.camera.v2.png,
安防,小蚁,小蚁智能摄像机,yunyi.camera.v1,yunyi.camera.v1.png,
安防,小默,小默智能可视门铃,mxiang.cateye.mdb10,mxiang.cateye.mdb10.png,
安防,小默,小默智能猫眼,mxiang.cateye.xmcatt1,mxiang.cateye.xmcatt1.png,
安防,尼克,尼克智能锁M2,tatamm.lock.m2,tatamm.lock.m2.png,
安防,帕拉玫,帕拉玫半自动智能锁S320,kl2019.lock.s320,kl2019.lock.s320.png,
安防,帕拉玫,帕拉玫智能锁M7,kl2019.lock.h01,kl2019.lock.h01.png,
安防,帕拉玫,帕拉玫智能锁X7,kl2019.lock.f7,kl2019.lock.f7.png,
安防,德力西电气,德力西电气智能门锁HDMC-M32J,iccssi.lock.dlx01,iccssi.lock.dlx01.png,
安防,德力西电气,德力西电气智能门锁M32HS,iccssi.lock.m32hs,iccssi.lock.m32hs.png,
安防,德盾,德盾智能锁DM-35,jhm888.lock.dm35,jhm888.lock.dm35.png,
安防,惠氏,惠氏智能锁S-X10M,yh8888.lock.sx10m,yh8888.lock.sx10m.png,
安防,戴司,戴司智能门锁M30Max,iccssi.lock.m30max,iccssi.lock.m30max.png,
安防,戴司,戴司智能门锁M30PRO,iccssi.lock.ds01,iccssi.lock.ds01.png,
安防,斯特堡SITERB,SITERB斯特堡卡度保险箱,yingji.safe.stb01,yingji.safe.stb01.png,
安防,斯特堡SITERB,SITERB斯特堡悦威保险箱,yingji.safe.stbyw,yingji.safe.stbyw.png,
安防,斯特堡SITERB,SITERB斯特堡金悦保险箱,yingji.safe.stbjy,yingji.safe.stbjy.png,
安防,新多,新多智能门锁XQ-3ZRM,simto.lock.xq3zrm,simto.lock.xq3zrm.png,
安防,方舟鱼,方舟鱼AI屏智能门锁A7,line.lock.fms8,line.lock.fms8.png,
安防,方舟鱼,方舟鱼全自动人脸智能锁A2,line.lock.zjmsa2,line.lock.zjmsa2.png,
安防,方舟鱼,方舟鱼全自动掌静脉智能锁A1,line.lock.fzjms,line.lock.fzjms.png,
安防,方舟鱼,方舟鱼智能门锁S2,line.lock.fms2,line.lock.fms2.png,
安防,方舟鱼,方舟鱼智能门锁S6,line.lock.fms6,line.lock.fms6.png,
安防,方舟鱼,方舟鱼智能门锁S7,line.lock.fms7,line.lock.fms7.png,
安防,方舟鱼,智能门锁S5,line.lock.fms5,line.lock.fms5.png,
安防,星月神,星月智能锁XYC138M-BH,seeyes.lock.138mbh,seeyes.lock.138mbh.png,
安防,智米,简约智能门锁-不锈钢版,zhimi.lock.da2,zhimi.lock.da2.png,
安防,智米,简约智能门锁-有品定制,zhimi.lock.da1,zhimi.lock.da1.png,
安防,极蜂,极蜂智能网络对讲机,fengyu.intercom.beebird,fengyu.intercom.beebird.png,
安防,梅花,梅花智能锁A6,meihua.lock.k70pro,meihua.lock.k70pro.png,
安防,榉树,榉树智能锁,shjszn.lock.c1,shjszn.lock.c1.png,
安防,榉树,榉树智能门锁KX,shjszn.lock.kx,shjszn.lock.kx.png,
安防,樱花智能锁,樱花智能锁DZ-6622,yh8888.lock.dz6622,yh8888.lock.dz6622.png,
安防,樱花智能锁,樱花智能锁DZ-6636,yh8888.lock.dz6636,yh8888.lock.dz6636.png,
安防,樱花智能锁,樱花智能锁DZ-F32,yh8888.lock.dzf32,yh8888.lock.dzf32.png,
安防,王力,王力智能锁,mwonly.lock.s60m,mwonly.lock.s60m.png,
安防,神将,神将智能门锁SFA1,sjdoor.lock.sfa1,sjdoor.lock.sfa1.png,
安防,神将,神将智能门锁SQA2,sjdoor.lock.sqa2,sjdoor.lock.sqa2.png,
安防,索菲亚,索菲亚智能人脸掌静脉门锁M1,sfy.lock.d001,sfy.lock.d001.png,
安防,航天常兴,航天常兴智慧用电探测器DT-210,htcx.alarm.dt210,htcx.alarm.dt210.png,
安防,艾栖,艾栖MX智能门锁,iccssi.lock.02,iccssi.lock.02.png,
安防,艾栖,艾栖智能门锁Z6-PLUS+,iccssi.lock.k8plus,iccssi.lock.k8plus.png,
安防,萨莱明,SAVLM智能锁,savlm.lock.v23,savlm.lock.v23.png,
安防,贝德弗,贝德弗智能锁,bdf668.lock.mf24n,bdf668.lock.mf24n.png,
安防,金凯德,金凯德3D人脸识别智能门锁A6,kkd.lock.a6,kkd.lock.a6.png,
安防,金凯德,金凯德智能门锁C11,kkd.lock.c11,kkd.lock.c11.png,
安防,锁先森,锁先森人脸识别智能门锁S1,sxs.lock.s1,sxs.lock.s1.png,
安防,锁先森,锁先森智能门锁,sxs.lock.001,sxs.lock.001.png,
安防,锁先森,锁先森智能门锁D1pro,sxs.lock.d1pro,sxs.lock.d1pro.png,
安防,锁先森,锁先森智能门锁D30,sxs.lock.d30,sxs.lock.d30.png,
安防,鸿雁,鸿雁iHouse智能门锁D2 Pro,honyar.lock.ld2138,honyar.lock.ld2138.png,
安防,鸿雁,鸿雁iHouse智能门锁L1,honyar.lock.ll1101,honyar.lock.ll1101.png,
安防,鹿客,云丁一握开智能锁,loock.lock.416yd,loock.lock.416yd.png,
安防,鹿客,云丁全自动智能门锁,loock.lock.419yd,loock.lock.419yd.png,
安防,鹿客,鹿客AI智能锁 V6 Max,loock.lock.401,loock.lock.401.png,
安防,鹿客,鹿客一握开智能锁,loock.lock.416,loock.lock.416.png,
安防,鹿客,鹿客一握开视频锁,loock.lock.417,loock.lock.417.png,
安防,鹿客,鹿客人脸智能锁S50F,loock.lock.s50f,loock.lock.s50f.png,
安防,鹿客,鹿客全自动推拉门锁S30,loock.lock.s30v2,loock.lock.s30v2.png,
安防,鹿客,鹿客全自动推拉门锁S30 Pro,loock.lock.s30,loock.lock.s30.png,
安防,鹿客,鹿客指脉锁 P9,loock.lock.419a,loock.lock.419a.png,
安防,鹿客,鹿客指静脉全自动门锁SV40,loock.lock.v16,loock.lock.v16.png,
安防,鹿客,鹿客指静脉智能锁P50,loock.lock.p50,loock.lock.p50.png,
安防,鹿客,鹿客指静脉智能锁S50,loock.lock.xfvl10,loock.lock.xfvl10.png,
安防,鹿客,鹿客掌脉锁 S7,loock.lock.418,loock.lock.418.png,
安防,鹿客,鹿客智能猫眼CatX,loock.cateye.v07,loock.cateye.v07.png,
安防,鹿客,鹿客智能猫眼青春版CatY,loock.cateye.v01,loock.cateye.v01.png,
安防,鹿客,鹿客智能看护AI摄像机,loock.camera.c1k,loock.camera.c1k.png,
安防,鹿客,鹿客智能锁S50M Pro,loock.lock.fcl112,loock.lock.fcl112.png,
安防,鹿客,鹿客智能锁V5 Max,loock.lock.fcl201,loock.lock.fcl201.png,
安防,鹿客,鹿客智能锁V5 Pro,loock.lock.fvl202,loock.lock.fvl202.png,
安防,鹿客,鹿客智能门锁 蜘蛛侠系列限量版,loock.lock.v14,loock.lock.v14.png,
安防,鹿客,鹿客智能门锁Classic,loock.lock.v1,loock.lock.v1.png,
安防,鹿客,鹿客智能门锁Classic 2,loock.lock.cc2s,loock.lock.cc2s.png,
安防,鹿客,鹿客智能门锁Classic 2S,loock.lock.v8,loock.lock.v8.png,
安防,鹿客,鹿客智能门锁Classic 2X,loock.lock.v7,loock.lock.v7.png,
安防,鹿客,鹿客智能门锁Q2,loock.lock.v3,loock.lock.v3.png,
安防,鹿客,鹿客智能门锁Smart,loock.lock.v9,loock.lock.v9.png,
安防,鹿客,鹿客猫眼智能锁R1M,loock.lock.pfvl10,loock.lock.pfvl10.png,
安防,鹿客,鹿客猫眼智能锁S50M,loock.lock.fvl109,loock.lock.fvl109.png,
安防,Mexin美心,美心智能锁DZ268,mexin.lock.dz268,mexin.lock.dz268.png,
安防,PANPAN,盼盼智能锁PF7260,cnbi.lock.pf7260,cnbi.lock.pf7260.png,
安防,PANPAN,盼盼智能锁PF7270,cnbi.lock.pf7270,cnbi.lock.pf7270.png,
安防,dlingsmart,叮零婴儿看护摄像机,xiaovv.camera.fj22,xiaovv.camera.fj22.png,
安防,xiaovv,xiaovv智能云台摄像机 Q2 4K,xiaovv.camera.xvvc11,xiaovv.camera.xvvc11.png,
安防,云丁,云丁智能锁L88-ULtra,ydlock.lock.l88,ydlock.lock.l88.png,
安防,云丁,云丁智能锁L89-ULtra,ydlock.lock.l89,ydlock.lock.l89.png,
安防,云丁,云丁智能锁Q67-Max,ydlock.lock.q67max,ydlock.lock.q67max.png,
安防,云丁,云丁智能锁Q69-Max,ydlock.lock.q69max,ydlock.lock.q69max.png,
安防,卡唛,卡唛雅诺电子指纹保管箱,lcrmcr.safe.46yne,lcrmcr.safe.46yne.png,
安防,小米出品,小米智能太阳能摄像机 4 Pro 4G双摄版,xiaomi.camera.bw701a,xiaomi.camera.bw701a.png,
安防,小米出品,小米智能摄像机 视频通话版 2,xiaomi.camera.096ac1,xiaomi.camera.096ac1.png,
安防,小米出品,小米智能门锁 5C,xiaomi.lock.4cb,xiaomi.lock.4cb.png,
安防,帕拉玫,帕拉玫智能锁F7,kl2019.lock.f07,kl2019.lock.f07.png,
安防,帕拉玫,帕拉玫智能锁X10-G,kl2019.lock.x10g,kl2019.lock.x10g.png,
安防,斯特堡SITERB,SITERB斯特堡洛可保险箱,yingji.safe.stbms,yingji.safe.stbms.png,
安防,新多,新多智能门锁XK-1ZRM,simto.lock.xk1zrm,simto.lock.xk1zrm.png,
安防,方舟鱼,方舟鱼智能门锁S2E,line.lock.fms21,line.lock.fms21.png,
安防,樱花智能锁,樱花智能锁DZ-H18M,yh8888.lock.sh18m,yh8888.lock.sh18m.png,
安防,神将,神将智能门锁SQQ2,sjdoor.lock.sqq2,sjdoor.lock.sqq2.png,
安防,鹿客,鹿客智能门锁V5 Max全景版,loock.lock.401n,loock.lock.401n.png,
安防,小米出品,小米智能摄像机 云台版2K,chuangmi.camera.029a02,chuangmi.camera.029a02.png,
安防,小米出品,小米智能摄像机2 云台版,chuangmi.camera.039a01,chuangmi.camera.039a01.png,
安防,DAYI,大一智能保险箱,dayi.safe.dy,dayi.safe.dy.png,
安防,ZIGBANG,ZIGBANG 全自动人脸掌脉可视门锁 R81,loock.lock.zb692,loock.lock.zb692.png,
安防,小米出品,小米智能门锁 5 Max,xiaomi.lock.m40,xiaomi.lock.m40.png,
安防,小米出品,小米智能门锁 5 Max 内外双摄,xiaomi.lock.m40max,xiaomi.lock.m40max.png,
